year,scenario,asset_id,category,condition,failure_probability,failure_consequence,cyber_physical_dependency,risk_score,maintenance_action_score,resilience_score,equity_priority,redundancy
0,Reactive maintenance baseline,bridge_north,transport,64.0,21.781,53.393,22.38,32.905,23.844,31.62,62.0,35.0
0,Reactive maintenance baseline,water_main_east,water,58.0,27.814,60.988,25.38,39.181,25.9,27.616,82.0,25.0
0,Reactive maintenance baseline,substation_7,power,70.0,20.243,57.956,41.38,35.556,24.7,32.756,70.0,42.0
0,Reactive maintenance baseline,transit_signal_core,transport,72.0,15.568,47.831,44.38,29.741,22.982,34.57,58.0,48.0
0,Reactive maintenance baseline,stormwater_pump_south,stormwater,54.0,30.156,62.082,30.38,41.353,26.242,26.808,76.0,30.0
0,Reactive maintenance baseline,cooling_center_grid_node,public_facility,68.0,20.894,57.432,34.38,35.031,25.091,32.144,88.0,38.0
0,Reactive maintenance baseline,air_quality_sensor_cluster,environmental,82.0,10.299,43.3,28.38,23.657,22.002,39.908,74.0,55.0
0,Reactive maintenance baseline,wastewater_lift_station,wastewater,60.0,26.396,57.7,31.38,37.851,25.185,28.894,68.0,32.0
0,Reactive maintenance baseline,public_broadband_hub,digital,76.0,12.786,50.378,50.38,29.702,23.602,34.08,80.0,40.0
0,Reactive maintenance baseline,hospital_access_corridor,transport,62.0,21.461,61.635,23.38,35.714,25.195,30.025,86.0,28.0
1,Reactive maintenance baseline,bridge_north,transport,62.581,22.32,53.393,22.38,33.202,23.914,31.233,62.0,35.0
1,Reactive maintenance baseline,water_main_east,water,56.604,28.344,60.988,25.38,39.473,25.969,27.234,82.0,25.0
1,Reactive maintenance baseline,substation_7,power,68.585,20.781,57.956,41.38,35.852,24.77,32.369,70.0,42.0
1,Reactive maintenance baseline,transit_signal_core,transport,70.611,16.096,47.831,44.38,30.031,23.05,34.191,58.0,48.0
1,Reactive maintenance baseline,stormwater_pump_south,stormwater,52.395,30.766,62.082,30.38,41.688,26.321,26.369,76.0,30.0
1,Reactive maintenance baseline,cooling_center_grid_node,public_facility,66.412,21.497,57.432,34.38,35.363,25.169,31.711,88.0,38.0
1,Reactive maintenance baseline,air_quality_sensor_cluster,environmental,80.342,10.929,43.3,28.38,24.004,22.084,39.455,74.0,55.0
1,Reactive maintenance baseline,wastewater_lift_station,wastewater,58.546,26.948,57.7,31.38,38.155,25.257,28.497,68.0,32.0
1,Reactive maintenance baseline,public_broadband_hub,digital,74.674,13.29,50.378,50.38,29.979,23.668,33.717,80.0,40.0
1,Reactive maintenance baseline,hospital_access_corridor,transport,60.624,21.984,61.635,23.38,36.001,25.263,29.649,86.0,28.0
2,Reactive maintenance baseline,bridge_north,transport,61.165,22.858,53.393,22.38,33.498,23.984,30.846,62.0,35.0
2,Reactive maintenance baseline,water_main_east,water,55.212,28.873,60.988,25.38,39.764,26.038,26.854,82.0,25.0
2,Reactive maintenance baseline,substation_7,power,67.173,21.318,57.956,41.38,36.147,24.839,31.983,70.0,42.0
2,Reactive maintenance baseline,transit_signal_core,transport,69.225,16.622,47.831,44.38,30.321,23.119,33.812,58.0,48.0
2,Reactive maintenance baseline,stormwater_pump_south,stormwater,50.793,31.374,62.082,30.38,42.023,26.4,25.932,76.0,30.0
2,Reactive maintenance baseline,cooling_center_grid_node,public_facility,64.828,22.099,57.432,34.38,35.694,25.248,31.278,88.0,38.0
2,Reactive maintenance baseline,air_quality_sensor_cluster,environmental,78.688,11.558,43.3,28.38,24.35,22.165,39.003,74.0,55.0
2,Reactive maintenance baseline,wastewater_lift_station,wastewater,57.095,27.5,57.7,31.38,38.458,25.328,28.101,68.0,32.0
2,Reactive maintenance baseline,public_broadband_hub,digital,73.35,13.793,50.378,50.38,30.256,23.733,33.356,80.0,40.0
2,Reactive maintenance baseline,hospital_access_corridor,transport,59.252,22.505,61.635,23.38,36.288,25.331,29.274,86.0,28.0
3,Reactive maintenance baseline,bridge_north,transport,59.752,23.395,53.393,22.38,33.793,24.054,30.46,62.0,35.0
3,Reactive maintenance baseline,water_main_east,water,53.822,29.401,60.988,25.38,40.054,26.106,26.474,82.0,25.0
3,Reactive maintenance baseline,substation_7,power,65.764,21.853,57.956,41.38,36.442,24.909,31.598,70.0,42.0
3,Reactive maintenance baseline,transit_signal_core,transport,67.843,17.148,47.831,44.38,30.61,23.187,33.434,58.0,48.0
3,Reactive maintenance baseline,stormwater_pump_south,stormwater,49.196,31.982,62.082,30.38,42.357,26.479,25.495,76.0,30.0
3,Reactive maintenance baseline,cooling_center_grid_node,public_facility,63.247,22.7,57.432,34.38,36.024,25.326,30.846,88.0,38.0
3,Reactive maintenance baseline,air_quality_sensor_cluster,environmental,77.038,12.185,43.3,28.38,24.694,22.247,38.552,74.0,55.0
3,Reactive maintenance baseline,wastewater_lift_station,wastewater,55.648,28.05,57.7,31.38,38.76,25.4,27.705,68.0,32.0
3,Reactive maintenance baseline,public_broadband_hub,digital,72.03,14.294,50.378,50.38,30.532,23.798,32.995,80.0,40.0
3,Reactive maintenance baseline,hospital_access_corridor,transport,57.882,23.026,61.635,23.38,36.574,25.398,28.9,86.0,28.0
4,Reactive maintenance baseline,bridge_north,transport,58.342,23.931,53.393,22.38,34.088,24.123,30.075,62.0,35.0
4,Reactive maintenance baseline,water_main_east,water,52.435,29.928,60.988,25.38,40.344,26.175,26.095,82.0,25.0
4,Reactive maintenance baseline,substation_7,power,64.358,22.387,57.956,41.38,36.736,24.978,31.214,70.0,42.0
4,Reactive maintenance baseline,transit_signal_core,transport,66.463,17.672,47.831,44.38,30.898,23.255,33.057,58.0,48.0
4,Reactive maintenance baseline,stormwater_pump_south,stormwater,47.601,32.588,62.082,30.38,42.69,26.558,25.06,76.0,30.0
4,Reactive maintenance baseline,cooling_center_grid_node,public_facility,61.67,23.299,57.432,34.38,36.354,25.404,30.415,88.0,38.0
4,Reactive maintenance baseline,air_quality_sensor_cluster,environmental,75.392,12.81,43.3,28.38,25.039,22.328,38.102,74.0,55.0
4,Reactive maintenance baseline,wastewater_lift_station,wastewater,54.204,28.599,57.7,31.38,39.062,25.471,27.311,68.0,32.0
4,Reactive maintenance baseline,public_broadband_hub,digital,70.712,14.795,50.378,50.38,30.807,23.864,32.635,80.0,40.0
4,Reactive maintenance baseline,hospital_access_corridor,transport,56.516,23.545,61.635,23.38,36.86,25.466,28.527,86.0,28.0
5,Reactive maintenance baseline,bridge_north,transport,56.936,24.465,53.393,22.38,34.382,24.193,29.69,62.0,35.0
5,Reactive maintenance baseline,water_main_east,water,51.052,30.454,60.988,25.38,40.633,26.243,25.718,82.0,25.0
5,Reactive maintenance baseline,substation_7,power,62.955,22.92,57.956,41.38,37.029,25.048,30.831,70.0,42.0
5,Reactive maintenance baseline,transit_signal_core,transport,65.086,18.195,47.831,44.38,31.186,23.323,32.681,58.0,48.0
5,Reactive maintenance baseline,stormwater_pump_south,stormwater,46.01,33.192,62.082,30.38,43.022,26.636,24.625,76.0,30.0
5,Reactive maintenance baseline,cooling_center_grid_node,public_facility,60.097,23.897,57.432,34.38,36.682,25.481,29.985,88.0,38.0
5,Reactive maintenance baseline,air_quality_sensor_cluster,environmental,73.749,13.435,43.3,28.38,25.382,22.409,37.653,74.0,55.0
5,Reactive maintenance baseline,wastewater_lift_station,wastewater,52.763,29.146,57.7,31.38,39.363,25.542,26.917,68.0,32.0
5,Reactive maintenance baseline,public_broadband_hub,digital,69.398,15.295,50.378,50.38,31.082,23.929,32.276,80.0,40.0
5,Reactive maintenance baseline,hospital_access_corridor,transport,55.152,24.063,61.635,23.38,37.145,25.533,28.154,86.0,28.0
6,Reactive maintenance baseline,bridge_north,transport,55.532,24.999,53.393,22.38,34.675,24.262,29.307,62.0,35.0
6,Reactive maintenance baseline,water_main_east,water,49.672,30.978,60.988,25.38,40.922,26.312,25.34,82.0,25.0
6,Reactive maintenance baseline,substation_7,power,61.556,23.452,57.956,41.38,37.321,25.117,30.449,70.0,42.0
6,Reactive maintenance baseline,transit_signal_core,transport,63.713,18.717,47.831,44.38,31.473,23.391,32.306,58.0,48.0
6,Reactive maintenance baseline,stormwater_pump_south,stormwater,44.423,33.795,62.082,30.38,43.354,26.715,24.191,76.0,30.0
6,Reactive maintenance baseline,cooling_center_grid_node,public_facility,58.527,24.494,57.432,34.38,37.011,25.559,29.556,88.0,38.0
6,Reactive maintenance baseline,air_quality_sensor_cluster,environmental,72.11,14.058,43.3,28.38,25.725,22.49,37.206,74.0,55.0
6,Reactive maintenance baseline,wastewater_lift_station,wastewater,51.325,29.692,57.7,31.38,39.664,25.613,26.524,68.0,32.0
6,Reactive maintenance baseline,public_broadband_hub,digital,68.086,15.793,50.378,50.38,31.356,23.993,31.917,80.0,40.0
6,Reactive maintenance baseline,hospital_access_corridor,transport,53.792,24.58,61.635,23.38,37.429,25.601,27.783,86.0,28.0
7,Reactive maintenance baseline,bridge_north,transport,54.132,25.531,53.393,22.38,34.968,24.331,28.924,62.0,35.0
7,Reactive maintenance baseline,water_main_east,water,48.294,31.502,60.988,25.38,41.21,26.38,24.964,82.0,25.0
7,Reactive maintenance baseline,substation_7,power,60.159,23.983,57.956,41.38,37.613,25.186,30.067,70.0,42.0
7,Reactive maintenance baseline,transit_signal_core,transport,62.343,19.238,47.831,44.38,31.76,23.459,31.932,58.0,48.0
7,Reactive maintenance baseline,stormwater_pump_south,stormwater,42.839,34.397,62.082,30.38,43.685,26.793,23.759,76.0,30.0
7,Reactive maintenance baseline,cooling_center_grid_node,public_facility,56.96,25.089,57.432,34.38,37.338,25.636,29.128,88.0,38.0
7,Reactive maintenance baseline,air_quality_sensor_cluster,environmental,70.474,14.679,43.3,28.38,26.066,22.571,36.759,74.0,55.0
7,Reactive maintenance baseline,wastewater_lift_station,wastewater,49.89,30.238,57.7,31.38,39.964,25.684,26.132,68.0,32.0
7,Reactive maintenance baseline,public_broadband_hub,digital,66.777,16.29,50.378,50.38,31.63,24.058,31.56,80.0,40.0
7,Reactive maintenance baseline,hospital_access_corridor,transport,52.434,25.096,61.635,23.38,37.713,25.668,27.412,86.0,28.0
8,Reactive maintenance baseline,bridge_north,transport,52.734,26.062,53.393,22.38,35.26,24.4,28.543,62.0,35.0
8,Reactive maintenance baseline,water_main_east,water,46.92,32.024,60.988,25.38,41.497,26.447,24.589,82.0,25.0
8,Reactive maintenance baseline,substation_7,power,58.766,24.512,57.956,41.38,37.904,25.255,29.686,70.0,42.0
8,Reactive maintenance baseline,transit_signal_core,transport,60.975,19.757,47.831,44.38,32.045,23.526,31.558,58.0,48.0
8,Reactive maintenance baseline,stormwater_pump_south,stormwater,41.259,34.998,62.082,30.38,44.015,26.871,23.327,76.0,30.0
8,Reactive maintenance baseline,cooling_center_grid_node,public_facility,55.397,25.683,57.432,34.38,37.665,25.713,28.701,88.0,38.0
8,Reactive maintenance baseline,air_quality_sensor_cluster,environmental,68.842,15.299,43.3,28.38,26.407,22.652,36.313,74.0,55.0
8,Reactive maintenance baseline,wastewater_lift_station,wastewater,48.459,30.782,57.7,31.38,40.263,25.755,25.741,68.0,32.0
8,Reactive maintenance baseline,public_broadband_hub,digital,65.471,16.787,50.378,50.38,31.903,24.122,31.203,80.0,40.0
8,Reactive maintenance baseline,hospital_access_corridor,transport,51.08,25.61,61.635,23.38,37.996,25.734,27.042,86.0,28.0
9,Reactive maintenance baseline,bridge_north,transport,51.34,26.591,53.393,22.38,35.551,24.469,28.162,62.0,35.0
9,Reactive maintenance baseline,water_main_east,water,45.549,32.545,60.988,25.38,41.783,26.515,24.214,82.0,25.0
9,Reactive maintenance baseline,substation_7,power,57.376,25.04,57.956,41.38,38.195,25.323,29.307,70.0,42.0
9,Reactive maintenance baseline,transit_signal_core,transport,59.611,20.276,47.831,44.38,32.331,23.594,31.185,58.0,48.0
9,Reactive maintenance baseline,stormwater_pump_south,stormwater,39.682,35.597,62.082,30.38,44.345,26.949,22.896,76.0,30.0
9,Reactive maintenance baseline,cooling_center_grid_node,public_facility,53.837,26.276,57.432,34.38,37.991,25.791,28.275,88.0,38.0
9,Reactive maintenance baseline,air_quality_sensor_cluster,environmental,67.214,15.918,43.3,28.38,26.748,22.732,35.868,74.0,55.0
9,Reactive maintenance baseline,wastewater_lift_station,wastewater,47.031,31.324,57.7,31.38,40.561,25.825,25.351,68.0,32.0
9,Reactive maintenance baseline,public_broadband_hub,digital,64.168,17.282,50.378,50.38,32.175,24.187,30.847,80.0,40.0
9,Reactive maintenance baseline,hospital_access_corridor,transport,49.729,26.124,61.635,23.38,38.278,25.801,26.673,86.0,28.0
10,Reactive maintenance baseline,bridge_north,transport,49.949,27.12,53.393,22.38,35.842,24.538,27.782,62.0,35.0
10,Reactive maintenance baseline,water_main_east,water,44.181,33.065,60.988,25.38,42.069,26.583,23.84,82.0,25.0
10,Reactive maintenance baseline,substation_7,power,55.988,25.568,57.956,41.38,38.485,25.392,28.928,70.0,42.0
10,Reactive maintenance baseline,transit_signal_core,transport,58.249,20.793,47.831,44.38,32.615,23.661,30.813,58.0,48.0
10,Reactive maintenance baseline,stormwater_pump_south,stormwater,38.109,36.195,62.082,30.38,44.674,27.027,22.466,76.0,30.0
10,Reactive maintenance baseline,cooling_center_grid_node,public_facility,52.281,26.867,57.432,34.38,38.316,25.867,27.85,88.0,38.0
10,Reactive maintenance baseline,air_quality_sensor_cluster,environmental,65.589,16.535,43.3,28.38,27.087,22.812,35.424,74.0,55.0
10,Reactive maintenance baseline,wastewater_lift_station,wastewater,45.606,31.866,57.7,31.38,40.859,25.896,24.962,68.0,32.0
10,Reactive maintenance baseline,public_broadband_hub,digital,62.868,17.776,50.378,50.38,32.447,24.251,30.492,80.0,40.0
10,Reactive maintenance baseline,hospital_access_corridor,transport,48.38,26.636,61.635,23.38,38.56,25.868,26.304,86.0,28.0
11,Reactive maintenance baseline,bridge_north,transport,48.561,27.647,53.393,22.38,36.132,24.607,27.402,62.0,35.0
11,Reactive maintenance baseline,water_main_east,water,42.816,33.584,60.988,25.38,42.355,26.65,23.467,82.0,25.0
11,Reactive maintenance baseline,substation_7,power,54.604,26.094,57.956,41.38,38.774,25.46,28.549,70.0,42.0
11,Reactive maintenance baseline,transit_signal_core,transport,56.891,21.309,47.831,44.38,32.899,23.728,30.442,58.0,48.0
11,Reactive maintenance baseline,stormwater_pump_south,stormwater,36.539,36.791,62.082,30.38,45.002,27.104,22.038,76.0,30.0
11,Reactive maintenance baseline,cooling_center_grid_node,public_facility,50.728,27.457,57.432,34.38,38.641,25.944,27.426,88.0,38.0
11,Reactive maintenance baseline,air_quality_sensor_cluster,environmental,63.968,17.151,43.3,28.38,27.426,22.893,34.981,74.0,55.0
11,Reactive maintenance baseline,wastewater_lift_station,wastewater,44.184,32.406,57.7,31.38,41.156,25.966,24.573,68.0,32.0
11,Reactive maintenance baseline,public_broadband_hub,digital,61.571,18.269,50.378,50.38,32.718,24.315,30.138,80.0,40.0
11,Reactive maintenance baseline,hospital_access_corridor,transport,47.035,27.148,61.635,23.38,38.841,25.934,25.937,86.0,28.0
12,Reactive maintenance baseline,bridge_north,transport,47.176,28.174,53.393,22.38,36.421,24.675,27.024,62.0,35.0
12,Reactive maintenance baseline,water_main_east,water,41.454,34.101,60.988,25.38,42.639,26.717,23.095,82.0,25.0
12,Reactive maintenance baseline,substation_7,power,53.223,26.618,57.956,41.38,39.063,25.528,28.172,70.0,42.0
12,Reactive maintenance baseline,transit_signal_core,transport,55.536,21.824,47.831,44.38,33.182,23.795,30.072,58.0,48.0
12,Reactive maintenance baseline,stormwater_pump_south,stormwater,34.973,37.386,62.082,30.38,45.329,27.181,21.61,76.0,30.0
12,Reactive maintenance baseline,cooling_center_grid_node,public_facility,49.179,28.046,57.432,34.38,38.964,26.021,27.003,88.0,38.0
12,Reactive maintenance baseline,air_quality_sensor_cluster,environmental,62.35,17.766,43.3,28.38,27.764,22.972,34.539,74.0,55.0
12,Reactive maintenance baseline,wastewater_lift_station,wastewater,42.765,32.945,57.7,31.38,41.453,26.036,24.186,68.0,32.0
12,Reactive maintenance baseline,public_broadband_hub,digital,60.277,18.76,50.378,50.38,32.988,24.379,29.784,80.0,40.0
12,Reactive maintenance baseline,hospital_access_corridor,transport,45.692,27.658,61.635,23.38,39.122,26.001,25.57,86.0,28.0
13,Reactive maintenance baseline,bridge_north,transport,45.795,28.699,53.393,22.38,36.71,24.743,26.647,62.0,35.0
13,Reactive maintenance baseline,water_main_east,water,40.095,34.618,60.988,25.38,42.923,26.785,22.724,82.0,25.0
13,Reactive maintenance baseline,substation_7,power,51.845,27.142,57.956,41.38,39.351,25.597,27.796,70.0,42.0
13,Reactive maintenance baseline,transit_signal_core,transport,54.184,22.338,47.831,44.38,33.465,23.862,29.703,58.0,48.0
13,Reactive maintenance baseline,stormwater_pump_south,stormwater,33.41,37.98,62.082,30.38,45.656,27.259,21.183,76.0,30.0
13,Reactive maintenance baseline,cooling_center_grid_node,public_facility,47.633,28.633,57.432,34.38,39.287,26.097,26.58,88.0,38.0
13,Reactive maintenance baseline,air_quality_sensor_cluster,environmental,60.736,18.379,43.3,28.38,28.102,23.052,34.098,74.0,55.0
13,Reactive maintenance baseline,wastewater_lift_station,wastewater,41.35,33.483,57.7,31.38,41.749,26.106,23.799,68.0,32.0
13,Reactive maintenance baseline,public_broadband_hub,digital,58.985,19.251,50.378,50.38,33.258,24.443,29.431,80.0,40.0
13,Reactive maintenance baseline,hospital_access_corridor,transport,44.353,28.167,61.635,23.38,39.402,26.067,25.204,86.0,28.0
14,Reactive maintenance baseline,bridge_north,transport,44.416,29.223,53.393,22.38,36.998,24.811,26.27,62.0,35.0
14,Reactive maintenance baseline,water_main_east,water,38.739,35.133,60.988,25.38,43.207,26.852,22.354,82.0,25.0
14,Reactive maintenance baseline,substation_7,power,50.471,27.664,57.956,41.38,39.638,25.664,27.42,70.0,42.0
14,Reactive maintenance baseline,transit_signal_core,transport,52.834,22.851,47.831,44.38,33.747,23.928,29.334,58.0,48.0
14,Reactive maintenance baseline,stormwater_pump_south,stormwater,31.851,38.573,62.082,30.38,45.982,27.336,20.757,76.0,30.0
14,Reactive maintenance baseline,cooling_center_grid_node,public_facility,46.09,29.219,57.432,34.38,39.61,26.173,26.159,88.0,38.0
14,Reactive maintenance baseline,air_quality_sensor_cluster,environmental,59.126,18.991,43.3,28.38,28.438,23.132,33.659,74.0,55.0
14,Reactive maintenance baseline,wastewater_lift_station,wastewater,39.937,34.02,57.7,31.38,42.044,26.176,23.413,68.0,32.0
14,Reactive maintenance baseline,public_broadband_hub,digital,57.697,19.741,50.378,50.38,33.528,24.507,29.079,80.0,40.0
14,Reactive maintenance baseline,hospital_access_corridor,transport,43.017,28.675,61.635,23.38,39.681,26.133,24.839,86.0,28.0
15,Reactive maintenance baseline,bridge_north,transport,43.04,29.745,53.393,22.38,37.286,24.879,25.894,62.0,35.0
15,Reactive maintenance baseline,water_main_east,water,37.386,35.647,60.988,25.38,43.489,26.918,21.984,82.0,25.0
15,Reactive maintenance baseline,substation_7,power,49.099,28.186,57.956,41.38,39.925,25.732,27.045,70.0,42.0
15,Reactive maintenance baseline,transit_signal_core,transport,51.488,23.363,47.831,44.38,34.028,23.995,28.966,58.0,48.0
15,Reactive maintenance baseline,stormwater_pump_south,stormwater,30.295,39.164,62.082,30.38,46.307,27.413,20.332,76.0,30.0
15,Reactive maintenance baseline,cooling_center_grid_node,public_facility,44.551,29.804,57.432,34.38,39.931,26.249,25.738,88.0,38.0
15,Reactive maintenance baseline,air_quality_sensor_cluster,environmental,57.519,19.602,43.3,28.38,28.774,23.211,33.22,74.0,55.0
15,Reactive maintenance baseline,wastewater_lift_station,wastewater,38.528,34.555,57.7,31.38,42.338,26.245,23.028,68.0,32.0
15,Reactive maintenance baseline,public_broadband_hub,digital,56.411,20.229,50.378,50.38,33.796,24.57,28.728,80.0,40.0
15,Reactive maintenance baseline,hospital_access_corridor,transport,41.683,29.181,61.635,23.38,39.96,26.199,24.475,86.0,28.0
16,Reactive maintenance baseline,bridge_north,transport,41.668,30.267,53.393,22.38,37.573,24.947,25.519,62.0,35.0
16,Reactive maintenance baseline,water_main_east,water,36.036,36.16,60.988,25.38,43.772,26.985,21.615,82.0,25.0
16,Reactive maintenance baseline,substation_7,power,47.73,28.706,57.956,41.38,40.211,25.8,26.671,70.0,42.0
16,Reactive maintenance baseline,transit_signal_core,transport,50.145,23.873,47.831,44.38,34.309,24.061,28.599,58.0,48.0
16,Reactive maintenance baseline,stormwater_pump_south,stormwater,28.743,39.754,62.082,30.38,46.631,27.489,19.908,76.0,30.0
16,Reactive maintenance baseline,cooling_center_grid_node,public_facility,43.016,30.388,57.432,34.38,40.252,26.325,25.319,88.0,38.0
16,Reactive maintenance baseline,air_quality_sensor_cluster,environmental,55.916,20.211,43.3,28.38,29.109,23.29,32.782,74.0,55.0
16,Reactive maintenance baseline,wastewater_lift_station,wastewater,37.122,35.09,57.7,31.38,42.632,26.315,22.644,68.0,32.0
16,Reactive maintenance baseline,public_broadband_hub,digital,55.128,20.717,50.378,50.38,34.064,24.633,28.377,80.0,40.0
16,Reactive maintenance baseline,hospital_access_corridor,transport,40.353,29.687,61.635,23.38,40.238,26.264,24.111,86.0,28.0
17,Reactive maintenance baseline,bridge_north,transport,40.298,30.787,53.393,22.38,37.859,25.015,25.145,62.0,35.0
17,Reactive maintenance baseline,water_main_east,water,34.689,36.672,60.988,25.38,44.053,27.052,21.247,82.0,25.0
17,Reactive maintenance baseline,substation_7,power,46.364,29.225,57.956,41.38,40.496,25.867,26.298,70.0,42.0
17,Reactive maintenance baseline,transit_signal_core,transport,48.804,24.382,47.831,44.38,34.589,24.127,28.233,58.0,48.0
17,Reactive maintenance baseline,stormwater_pump_south,stormwater,27.194,40.342,62.082,30.38,46.955,27.566,19.484,76.0,30.0
17,Reactive maintenance baseline,cooling_center_grid_node,public_facility,41.484,30.97,57.432,34.38,40.573,26.401,24.9,88.0,38.0
17,Reactive maintenance baseline,air_quality_sensor_cluster,environmental,54.316,20.819,43.3,28.38,29.443,23.369,32.345,74.0,55.0
17,Reactive maintenance baseline,wastewater_lift_station,wastewater,35.719,35.623,57.7,31.38,42.926,26.384,22.26,68.0,32.0
17,Reactive maintenance baseline,public_broadband_hub,digital,53.848,21.203,50.378,50.38,34.332,24.697,28.028,80.0,40.0
17,Reactive maintenance baseline,hospital_access_corridor,transport,39.025,30.191,61.635,23.38,40.515,26.33,23.748,86.0,28.0
18,Reactive maintenance baseline,bridge_north,transport,38.932,31.307,53.393,22.38,38.144,25.082,24.772,62.0,35.0
18,Reactive maintenance baseline,water_main_east,water,33.345,37.182,60.988,25.38,44.334,27.118,20.88,82.0,25.0
18,Reactive maintenance baseline,substation_7,power,45.001,29.743,57.956,41.38,40.781,25.935,25.926,70.0,42.0
18,Reactive maintenance baseline,transit_signal_core,transport,47.467,24.89,47.831,44.38,34.869,24.193,27.868,58.0,48.0
18,Reactive maintenance baseline,stormwater_pump_south,stormwater,25.649,40.93,62.082,30.38,47.278,27.642,19.062,76.0,30.0
18,Reactive maintenance baseline,cooling_center_grid_node,public_facility,39.955,31.551,57.432,34.38,40.892,26.476,24.483,88.0,38.0
18,Reactive maintenance baseline,air_quality_sensor_cluster,environmental,52.72,21.425,43.3,28.38,29.777,23.448,31.909,74.0,55.0
18,Reactive maintenance baseline,wastewater_lift_station,wastewater,34.319,36.155,57.7,31.38,43.218,26.453,21.878,68.0,32.0
18,Reactive maintenance baseline,public_broadband_hub,digital,52.571,21.689,50.378,50.38,34.599,24.76,27.679,80.0,40.0
18,Reactive maintenance baseline,hospital_access_corridor,transport,37.7,30.695,61.635,23.38,40.792,26.395,23.386,86.0,28.0
19,Reactive maintenance baseline,bridge_north,transport,37.568,31.825,53.393,22.38,38.429,25.15,24.399,62.0,35.0
19,Reactive maintenance baseline,water_main_east,water,32.004,37.692,60.988,25.38,44.614,27.184,20.514,82.0,25.0
19,Reactive maintenance baseline,substation_7,power,43.642,30.259,57.956,41.38,41.065,26.002,25.555,70.0,42.0
19,Reactive maintenance baseline,transit_signal_core,transport,46.133,25.398,47.831,44.38,35.147,24.259,27.503,58.0,48.0
19,Reactive maintenance baseline,stormwater_pump_south,stormwater,24.107,41.516,62.082,30.38,47.6,27.718,18.641,76.0,30.0
19,Reactive maintenance baseline,cooling_center_grid_node,public_facility,38.43,32.13,57.432,34.38,41.211,26.552,24.066,88.0,38.0
19,Reactive maintenance baseline,air_quality_sensor_cluster,environmental,51.128,22.031,43.3,28.38,30.11,23.527,31.473,74.0,55.0
19,Reactive maintenance baseline,wastewater_lift_station,wastewater,32.922,36.686,57.7,31.38,43.51,26.522,21.496,68.0,32.0
19,Reactive maintenance baseline,public_broadband_hub,digital,51.297,22.173,50.378,50.38,34.865,24.823,27.331,80.0,40.0
19,Reactive maintenance baseline,hospital_access_corridor,transport,36.379,31.197,61.635,23.38,41.068,26.461,23.025,86.0,28.0
20,Reactive maintenance baseline,bridge_north,transport,36.208,32.342,53.393,22.38,38.714,25.217,24.027,62.0,35.0
20,Reactive maintenance baseline,water_main_east,water,30.666,38.2,60.988,25.38,44.894,27.25,20.148,82.0,25.0
20,Reactive maintenance baseline,substation_7,power,42.285,30.775,57.956,41.38,41.349,26.069,25.184,70.0,42.0
20,Reactive maintenance baseline,transit_signal_core,transport,44.801,25.903,47.831,44.38,35.426,24.325,27.139,58.0,48.0
20,Reactive maintenance baseline,stormwater_pump_south,stormwater,22.568,42.1,62.082,30.38,47.922,27.794,18.221,76.0,30.0
20,Reactive maintenance baseline,cooling_center_grid_node,public_facility,36.908,32.709,57.432,34.38,41.529,26.627,23.65,88.0,38.0
20,Reactive maintenance baseline,air_quality_sensor_cluster,environmental,49.539,22.634,43.3,28.38,30.442,23.605,31.039,74.0,55.0
20,Reactive maintenance baseline,wastewater_lift_station,wastewater,31.528,37.215,57.7,31.38,43.801,26.591,21.116,68.0,32.0
20,Reactive maintenance baseline,public_broadband_hub,digital,50.025,22.656,50.378,50.38,35.131,24.885,26.983,80.0,40.0
20,Reactive maintenance baseline,hospital_access_corridor,transport,35.06,31.698,61.635,23.38,41.344,26.526,22.665,86.0,28.0
0,Sensor-rich but underfunded,bridge_north,transport,64.0,12.277,53.943,38.48,29.48,26.005,32.043,62.0,35.0
0,Sensor-rich but underfunded,water_main_east,water,58.0,18.482,61.695,41.48,35.907,28.146,28.014,82.0,25.0
0,Sensor-rich but underfunded,substation_7,power,70.0,11.666,58.572,57.48,32.664,27.006,33.048,70.0,42.0
0,Sensor-rich but underfunded,transit_signal_core,transport,72.0,7.091,48.329,60.48,26.863,25.262,34.849,58.0,48.0
0,Sensor-rich but underfunded,stormwater_pump_south,stormwater,54.0,21.158,62.834,46.48,38.277,28.519,27.159,76.0,30.0
0,Sensor-rich but underfunded,cooling_center_grid_node,public_facility,68.0,12.059,58.237,50.48,32.063,27.424,32.473,88.0,38.0
0,Sensor-rich but underfunded,air_quality_sensor_cluster,environmental,82.0,1.148,43.986,44.48,20.475,24.249,40.281,74.0,55.0
0,Sensor-rich but underfunded,wastewater_lift_station,wastewater,60.0,17.364,58.325,47.48,34.712,27.428,29.251,68.0,32.0
0,Sensor-rich but underfunded,public_broadband_hub,digital,76.0,4.582,51.008,66.48,27.021,25.983,34.32,80.0,40.0
0,Sensor-rich but underfunded,hospital_access_corridor,transport,62.0,12.012,62.35,39.48,32.377,27.436,30.44,86.0,28.0
1,Sensor-rich but underfunded,bridge_north,transport,62.871,12.706,53.943,38.48,29.716,26.061,31.734,62.0,35.0
1,Sensor-rich but underfunded,water_main_east,water,56.896,18.902,61.695,41.48,36.137,28.2,27.712,82.0,25.0
1,Sensor-rich but underfunded,substation_7,power,68.88,12.091,58.572,57.48,32.898,27.061,32.743,70.0,42.0
1,Sensor-rich but underfunded,transit_signal_core,transport,70.91,7.505,48.329,60.48,27.091,25.316,34.551,58.0,48.0
1,Sensor-rich but underfunded,stormwater_pump_south,stormwater,52.678,21.661,62.834,46.48,38.553,28.585,26.798,76.0,30.0
1,Sensor-rich but underfunded,cooling_center_grid_node,public_facility,66.701,12.553,58.237,50.48,32.335,27.488,32.118,88.0,38.0
1,Sensor-rich but underfunded,air_quality_sensor_cluster,environmental,80.63,1.669,43.986,44.48,20.761,24.317,39.907,74.0,55.0
1,Sensor-rich but underfunded,wastewater_lift_station,wastewater,58.836,17.806,58.325,47.48,34.955,27.485,28.933,68.0,32.0
1,Sensor-rich but underfunded,public_broadband_hub,digital,74.978,4.971,51.008,66.48,27.235,26.034,34.041,80.0,40.0
1,Sensor-rich but underfunded,hospital_access_corridor,transport,60.918,12.423,62.35,39.48,32.603,27.489,30.144,86.0,28.0
2,Sensor-rich but underfunded,bridge_north,transport,61.745,13.134,53.943,38.48,29.952,26.116,31.427,62.0,35.0
2,Sensor-rich but underfunded,water_main_east,water,55.794,19.321,61.695,41.48,36.368,28.255,27.411,82.0,25.0
2,Sensor-rich but underfunded,substation_7,power,67.763,12.516,58.572,57.48,33.132,27.117,32.437,70.0,42.0
2,Sensor-rich but underfunded,transit_signal_core,transport,69.822,7.919,48.329,60.48,27.318,25.369,34.254,58.0,48.0
2,Sensor-rich but underfunded,stormwater_pump_south,stormwater,51.36,22.162,62.834,46.48,38.829,28.65,26.438,76.0,30.0
2,Sensor-rich but underfunded,cooling_center_grid_node,public_facility,65.405,13.045,58.237,50.48,32.606,27.552,31.764,88.0,38.0
2,Sensor-rich but underfunded,air_quality_sensor_cluster,environmental,79.263,2.188,43.986,44.48,21.047,24.384,39.533,74.0,55.0
2,Sensor-rich but underfunded,wastewater_lift_station,wastewater,57.675,18.247,58.325,47.48,35.198,27.543,28.616,68.0,32.0
2,Sensor-rich but underfunded,public_broadband_hub,digital,73.959,5.358,51.008,66.48,27.448,26.084,33.762,80.0,40.0
2,Sensor-rich but underfunded,hospital_access_corridor,transport,59.838,12.834,62.35,39.48,32.829,27.542,29.849,86.0,28.0
3,Sensor-rich but underfunded,bridge_north,transport,60.621,13.561,53.943,38.48,30.187,26.172,31.12,62.0,35.0
3,Sensor-rich but underfunded,water_main_east,water,54.694,19.739,61.695,41.48,36.598,28.309,27.111,82.0,25.0
3,Sensor-rich but underfunded,substation_7,power,66.648,12.939,58.572,57.48,33.365,27.172,32.133,70.0,42.0
3,Sensor-rich but underfunded,transit_signal_core,transport,68.737,8.331,48.329,60.48,27.545,25.423,33.957,58.0,48.0
3,Sensor-rich but underfunded,stormwater_pump_south,stormwater,50.044,22.662,62.834,46.48,39.104,28.715,26.079,76.0,30.0
3,Sensor-rich but underfunded,cooling_center_grid_node,public_facility,64.112,13.537,58.237,50.48,32.876,27.616,31.411,88.0,38.0
3,Sensor-rich but underfunded,air_quality_sensor_cluster,environmental,77.9,2.706,43.986,44.48,21.332,24.452,39.161,74.0,55.0
3,Sensor-rich but underfunded,wastewater_lift_station,wastewater,56.517,18.687,58.325,47.48,35.44,27.6,28.299,68.0,32.0
3,Sensor-rich but underfunded,public_broadband_hub,digital,72.942,5.745,51.008,66.48,27.66,26.134,33.484,80.0,40.0
3,Sensor-rich but underfunded,hospital_access_corridor,transport,58.76,13.243,62.35,39.48,33.054,27.596,29.555,86.0,28.0
4,Sensor-rich but underfunded,bridge_north,transport,59.5,13.987,53.943,38.48,30.421,26.227,30.813,62.0,35.0
4,Sensor-rich but underfunded,water_main_east,water,53.597,20.156,61.695,41.48,36.827,28.363,26.811,82.0,25.0
4,Sensor-rich but underfunded,substation_7,power,65.536,13.362,58.572,57.48,33.597,27.227,31.829,70.0,42.0
4,Sensor-rich but underfunded,transit_signal_core,transport,67.654,8.743,48.329,60.48,27.772,25.477,33.661,58.0,48.0
4,Sensor-rich but underfunded,stormwater_pump_south,stormwater,48.731,23.161,62.834,46.48,39.378,28.78,25.72,76.0,30.0
4,Sensor-rich but underfunded,cooling_center_grid_node,public_facility,62.822,14.027,58.237,50.48,33.146,27.68,31.059,88.0,38.0
4,Sensor-rich but underfunded,air_quality_sensor_cluster,environmental,76.539,3.223,43.986,44.48,21.616,24.519,38.789,74.0,55.0
4,Sensor-rich but underfunded,wastewater_lift_station,wastewater,55.361,19.127,58.325,47.48,35.681,27.657,27.983,68.0,32.0
4,Sensor-rich but underfunded,public_broadband_hub,digital,71.927,6.13,51.008,66.48,27.872,26.184,33.207,80.0,40.0
4,Sensor-rich but underfunded,hospital_access_corridor,transport,57.685,13.652,62.35,39.48,33.279,27.649,29.261,86.0,28.0
5,Sensor-rich but underfunded,bridge_north,transport,58.381,14.412,53.943,38.48,30.655,26.282,30.508,62.0,35.0
5,Sensor-rich but underfunded,water_main_east,water,52.502,20.572,61.695,41.48,37.056,28.417,26.512,82.0,25.0
5,Sensor-rich but underfunded,substation_7,power,64.426,13.784,58.572,57.48,33.829,27.281,31.526,70.0,42.0
5,Sensor-rich but underfunded,transit_signal_core,transport,66.573,9.153,48.329,60.48,27.997,25.53,33.366,58.0,48.0
5,Sensor-rich but underfunded,stormwater_pump_south,stormwater,47.421,23.658,62.834,46.48,39.652,28.844,25.362,76.0,30.0
5,Sensor-rich but underfunded,cooling_center_grid_node,public_facility,61.534,14.516,58.237,50.48,33.415,27.743,30.707,88.0,38.0
5,Sensor-rich but underfunded,air_quality_sensor_cluster,environmental,75.181,3.739,43.986,44.48,21.9,24.586,38.418,74.0,55.0
5,Sensor-rich but underfunded,wastewater_lift_station,wastewater,54.207,19.565,58.325,47.48,35.922,27.714,27.668,68.0,32.0
5,Sensor-rich but underfunded,public_broadband_hub,digital,70.914,6.515,51.008,66.48,28.084,26.234,32.931,80.0,40.0
5,Sensor-rich but underfunded,hospital_access_corridor,transport,56.612,14.059,62.35,39.48,33.503,27.702,28.968,86.0,28.0
6,Sensor-rich but underfunded,bridge_north,transport,57.265,14.836,53.943,38.48,30.888,26.338,30.203,62.0,35.0
6,Sensor-rich but underfunded,water_main_east,water,51.41,20.987,61.695,41.48,37.284,28.471,26.214,82.0,25.0
6,Sensor-rich but underfunded,substation_7,power,63.319,14.204,58.572,57.48,34.061,27.336,31.223,70.0,42.0
6,Sensor-rich but underfunded,transit_signal_core,transport,65.495,9.563,48.329,60.48,28.223,25.583,33.072,58.0,48.0
6,Sensor-rich but underfunded,stormwater_pump_south,stormwater,46.114,24.155,62.834,46.48,39.925,28.909,25.005,76.0,30.0
6,Sensor-rich but underfunded,cooling_center_grid_node,public_facility,60.25,15.004,58.237,50.48,33.683,27.807,30.356,88.0,38.0
6,Sensor-rich but underfunded,air_quality_sensor_cluster,environmental,73.827,4.254,43.986,44.48,22.183,24.653,38.048,74.0,55.0
6,Sensor-rich but underfunded,wastewater_lift_station,wastewater,53.056,20.002,58.325,47.48,36.163,27.771,27.354,68.0,32.0
6,Sensor-rich but underfunded,public_broadband_hub,digital,69.903,6.899,51.008,66.48,28.295,26.284,32.654,80.0,40.0
6,Sensor-rich but underfunded,hospital_access_corridor,transport,55.542,14.466,62.35,39.48,33.727,27.755,28.675,86.0,28.0
7,Sensor-rich but underfunded,bridge_north,transport,56.151,15.259,53.943,38.48,31.121,26.393,29.899,62.0,35.0
7,Sensor-rich but underfunded,water_main_east,water,50.32,21.401,61.695,41.48,37.512,28.525,25.916,82.0,25.0
7,Sensor-rich but underfunded,substation_7,power,62.214,14.624,58.572,57.48,34.292,27.391,30.921,70.0,42.0
7,Sensor-rich but underfunded,transit_signal_core,transport,64.419,9.972,48.329,60.48,28.448,25.636,32.778,58.0,48.0
7,Sensor-rich but underfunded,stormwater_pump_south,stormwater,44.81,24.651,62.834,46.48,40.198,28.973,24.649,76.0,30.0
7,Sensor-rich but underfunded,cooling_center_grid_node,public_facility,58.968,15.491,58.237,50.48,33.951,27.87,30.006,88.0,38.0
7,Sensor-rich but underfunded,air_quality_sensor_cluster,environmental,72.475,4.767,43.986,44.48,22.465,24.72,37.679,74.0,55.0
7,Sensor-rich but underfunded,wastewater_lift_station,wastewater,51.908,20.439,58.325,47.48,36.403,27.828,27.04,68.0,32.0
7,Sensor-rich but underfunded,public_broadband_hub,digital,68.895,7.282,51.008,66.48,28.506,26.334,32.379,80.0,40.0
7,Sensor-rich but underfunded,hospital_access_corridor,transport,54.474,14.872,62.35,39.48,33.95,27.807,28.384,86.0,28.0
8,Sensor-rich but underfunded,bridge_north,transport,55.04,15.682,53.943,38.48,31.353,26.447,29.595,62.0,35.0
8,Sensor-rich but underfunded,water_main_east,water,49.233,21.814,61.695,41.48,37.739,28.579,25.619,82.0,25.0
8,Sensor-rich but underfunded,substation_7,power,61.112,15.043,58.572,57.48,34.522,27.445,30.62,70.0,42.0
8,Sensor-rich but underfunded,transit_signal_core,transport,63.346,10.38,48.329,60.48,28.672,25.689,32.485,58.0,48.0
8,Sensor-rich but underfunded,stormwater_pump_south,stormwater,43.509,25.145,62.834,46.48,40.47,29.038,24.293,76.0,30.0
8,Sensor-rich but underfunded,cooling_center_grid_node,public_facility,57.689,15.977,58.237,50.48,34.218,27.933,29.656,88.0,38.0
8,Sensor-rich but underfunded,air_quality_sensor_cluster,environmental,71.127,5.28,43.986,44.48,22.747,24.786,37.31,74.0,55.0
8,Sensor-rich but underfunded,wastewater_lift_station,wastewater,50.762,20.874,58.325,47.48,36.642,27.884,26.727,68.0,32.0
8,Sensor-rich but underfunded,public_broadband_hub,digital,67.889,7.664,51.008,66.48,28.716,26.384,32.104,80.0,40.0
8,Sensor-rich but underfunded,hospital_access_corridor,transport,53.408,15.277,62.35,39.48,34.173,27.86,28.093,86.0,28.0
9,Sensor-rich but underfunded,bridge_north,transport,53.931,16.103,53.943,38.48,31.585,26.502,29.292,62.0,35.0
9,Sensor-rich but underfunded,water_main_east,water,48.148,22.226,61.695,41.48,37.966,28.632,25.322,82.0,25.0
9,Sensor-rich but underfunded,substation_7,power,60.012,15.461,58.572,57.48,34.752,27.5,30.32,70.0,42.0
9,Sensor-rich but underfunded,transit_signal_core,transport,62.275,10.787,48.329,60.48,28.896,25.742,32.192,58.0,48.0
9,Sensor-rich but underfunded,stormwater_pump_south,stormwater,42.211,25.638,62.834,46.48,40.741,29.102,23.939,76.0,30.0
9,Sensor-rich but underfunded,cooling_center_grid_node,public_facility,56.413,16.462,58.237,50.48,34.485,27.996,29.308,88.0,38.0
9,Sensor-rich but underfunded,air_quality_sensor_cluster,environmental,69.781,5.791,43.986,44.48,23.028,24.853,36.943,74.0,55.0
9,Sensor-rich but underfunded,wastewater_lift_station,wastewater,49.619,21.308,58.325,47.48,36.881,27.941,26.415,68.0,32.0
9,Sensor-rich but underfunded,public_broadband_hub,digital,66.886,8.046,51.008,66.48,28.926,26.433,31.83,80.0,40.0
9,Sensor-rich but underfunded,hospital_access_corridor,transport,52.345,15.681,62.35,39.48,34.395,27.913,27.802,86.0,28.0
10,Sensor-rich but underfunded,bridge_north,transport,52.824,16.524,53.943,38.48,31.816,26.557,28.99,62.0,35.0
10,Sensor-rich but underfunded,water_main_east,water,47.065,22.638,61.695,41.48,38.192,28.686,25.027,82.0,25.0
10,Sensor-rich but underfunded,substation_7,power,58.914,15.878,58.572,57.48,34.981,27.554,30.02,70.0,42.0
10,Sensor-rich but underfunded,transit_signal_core,transport,61.206,11.193,48.329,60.48,29.119,25.795,31.9,58.0,48.0
10,Sensor-rich but underfunded,stormwater_pump_south,stormwater,40.915,26.131,62.834,46.48,41.012,29.166,23.585,76.0,30.0
10,Sensor-rich but underfunded,cooling_center_grid_node,public_facility,55.14,16.946,58.237,50.48,34.751,28.059,28.96,88.0,38.0
10,Sensor-rich but underfunded,air_quality_sensor_cluster,environmental,68.438,6.301,43.986,44.48,23.309,24.919,36.576,74.0,55.0
10,Sensor-rich but underfunded,wastewater_lift_station,wastewater,48.478,21.742,58.325,47.48,37.12,27.997,26.103,68.0,32.0
10,Sensor-rich but underfunded,public_broadband_hub,digital,65.884,8.426,51.008,66.48,29.135,26.483,31.556,80.0,40.0
10,Sensor-rich but underfunded,hospital_access_corridor,transport,51.284,16.084,62.35,39.48,34.617,27.965,27.512,86.0,28.0
11,Sensor-rich but underfunded,bridge_north,transport,51.72,16.943,53.943,38.48,32.047,26.611,28.688,62.0,35.0
11,Sensor-rich but underfunded,water_main_east,water,45.985,23.048,61.695,41.48,38.418,28.739,24.732,82.0,25.0
11,Sensor-rich but underfunded,substation_7,power,57.819,16.294,58.572,57.48,35.21,27.608,29.721,70.0,42.0
11,Sensor-rich but underfunded,transit_signal_core,transport,60.14,11.598,48.329,60.48,29.342,25.848,31.609,58.0,48.0
11,Sensor-rich but underfunded,stormwater_pump_south,stormwater,39.623,26.622,62.834,46.48,41.282,29.23,23.232,76.0,30.0
11,Sensor-rich but underfunded,cooling_center_grid_node,public_facility,53.87,17.429,58.237,50.48,35.017,28.122,28.613,88.0,38.0
11,Sensor-rich but underfunded,air_quality_sensor_cluster,environmental,67.099,6.81,43.986,44.48,23.589,24.985,36.21,74.0,55.0
11,Sensor-rich but underfunded,wastewater_lift_station,wastewater,47.34,22.174,58.325,47.48,37.358,28.053,25.792,68.0,32.0
11,Sensor-rich but underfunded,public_broadband_hub,digital,64.885,8.806,51.008,66.48,29.344,26.532,31.283,80.0,40.0
11,Sensor-rich but underfunded,hospital_access_corridor,transport,50.225,16.486,62.35,39.48,34.838,28.017,27.223,86.0,28.0
12,Sensor-rich but underfunded,bridge_north,transport,50.619,17.362,53.943,38.48,32.277,26.666,28.387,62.0,35.0
12,Sensor-rich but underfunded,water_main_east,water,44.907,23.458,61.695,41.48,38.643,28.792,24.437,82.0,25.0
12,Sensor-rich but underfunded,substation_7,power,56.726,16.71,58.572,57.48,35.438,27.662,29.422,70.0,42.0
12,Sensor-rich but underfunded,transit_signal_core,transport,59.076,12.002,48.329,60.48,29.564,25.9,31.318,58.0,48.0
12,Sensor-rich but underfunded,stormwater_pump_south,stormwater,38.333,27.112,62.834,46.48,41.551,29.293,22.879,76.0,30.0
12,Sensor-rich but underfunded,cooling_center_grid_node,public_facility,52.602,17.91,58.237,50.48,35.282,28.184,28.267,88.0,38.0
12,Sensor-rich but underfunded,air_quality_sensor_cluster,environmental,65.762,7.318,43.986,44.48,23.868,25.051,35.845,74.0,55.0
12,Sensor-rich but underfunded,wastewater_lift_station,wastewater,46.205,22.606,58.325,47.48,37.595,28.109,25.482,68.0,32.0
12,Sensor-rich but underfunded,public_broadband_hub,digital,63.888,9.185,51.008,66.48,29.553,26.582,31.011,80.0,40.0
12,Sensor-rich but underfunded,hospital_access_corridor,transport,49.169,16.888,62.35,39.48,35.059,28.07,26.934,86.0,28.0
13,Sensor-rich but underfunded,bridge_north,transport,49.52,17.779,53.943,38.48,32.507,26.72,28.087,62.0,35.0
13,Sensor-rich but underfunded,water_main_east,water,43.832,23.866,61.695,41.48,38.868,28.845,24.143,82.0,25.0
13,Sensor-rich but underfunded,substation_7,power,55.636,17.124,58.572,57.48,35.666,27.716,29.124,70.0,42.0
13,Sensor-rich but underfunded,transit_signal_core,transport,58.015,12.406,48.329,60.48,29.786,25.953,31.028,58.0,48.0
13,Sensor-rich but underfunded,stormwater_pump_south,stormwater,37.046,27.601,62.834,46.48,41.82,29.357,22.528,76.0,30.0
13,Sensor-rich but underfunded,cooling_center_grid_node,public_facility,51.337,18.391,58.237,50.48,35.546,28.247,27.921,88.0,38.0
13,Sensor-rich but underfunded,air_quality_sensor_cluster,environmental,64.428,7.825,43.986,44.48,24.147,25.117,35.48,74.0,55.0
13,Sensor-rich but underfunded,wastewater_lift_station,wastewater,45.071,23.036,58.325,47.48,37.832,28.165,25.172,68.0,32.0
13,Sensor-rich but underfunded,public_broadband_hub,digital,62.893,9.563,51.008,66.48,29.761,26.631,30.739,80.0,40.0
13,Sensor-rich but underfunded,hospital_access_corridor,transport,48.115,17.288,62.35,39.48,35.279,28.122,26.647,86.0,28.0
14,Sensor-rich but underfunded,bridge_north,transport,48.423,18.196,53.943,38.48,32.736,26.774,27.787,62.0,35.0
14,Sensor-rich but underfunded,water_main_east,water,42.759,24.274,61.695,41.48,39.092,28.898,23.85,82.0,25.0
14,Sensor-rich but underfunded,substation_7,power,54.548,17.537,58.572,57.48,35.894,27.769,28.827,70.0,42.0
14,Sensor-rich but underfunded,transit_signal_core,transport,56.956,12.808,48.329,60.48,30.008,26.005,30.739,58.0,48.0
14,Sensor-rich but underfunded,stormwater_pump_south,stormwater,35.762,28.089,62.834,46.48,42.089,29.42,22.177,76.0,30.0
14,Sensor-rich but underfunded,cooling_center_grid_node,public_facility,50.075,18.871,58.237,50.48,35.81,28.309,27.576,88.0,38.0
14,Sensor-rich but underfunded,air_quality_sensor_cluster,environmental,63.098,8.331,43.986,44.48,24.425,25.183,35.117,74.0,55.0
14,Sensor-rich but underfunded,wastewater_lift_station,wastewater,43.941,23.466,58.325,47.48,38.068,28.221,24.863,68.0,32.0
14,Sensor-rich but underfunded,public_broadband_hub,digital,61.9,9.94,51.008,66.48,29.968,26.68,30.468,80.0,40.0
14,Sensor-rich but underfunded,hospital_access_corridor,transport,47.063,17.688,62.35,39.48,35.499,28.174,26.359,86.0,28.0
15,Sensor-rich but underfunded,bridge_north,transport,47.329,18.612,53.943,38.48,32.965,26.828,27.488,62.0,35.0
15,Sensor-rich but underfunded,water_main_east,water,41.689,24.681,61.695,41.48,39.316,28.951,23.558,82.0,25.0
15,Sensor-rich but underfunded,substation_7,power,53.463,17.95,58.572,57.48,36.121,27.823,28.531,70.0,42.0
15,Sensor-rich but underfunded,transit_signal_core,transport,55.899,13.21,48.329,60.48,30.228,26.057,30.45,58.0,48.0
15,Sensor-rich but underfunded,stormwater_pump_south,stormwater,34.481,28.576,62.834,46.48,42.356,29.483,21.827,76.0,30.0
15,Sensor-rich but underfunded,cooling_center_grid_node,public_facility,48.816,19.349,58.237,50.48,36.073,28.371,27.232,88.0,38.0
15,Sensor-rich but underfunded,air_quality_sensor_cluster,environmental,61.77,8.835,43.986,44.48,24.703,25.249,34.754,74.0,55.0
15,Sensor-rich but underfunded,wastewater_lift_station,wastewater,42.813,23.895,58.325,47.48,38.304,28.277,24.555,68.0,32.0
15,Sensor-rich but underfunded,public_broadband_hub,digital,60.91,10.317,51.008,66.48,30.175,26.729,30.197,80.0,40.0
15,Sensor-rich but underfunded,hospital_access_corridor,transport,46.014,18.087,62.35,39.48,35.718,28.225,26.073,86.0,28.0
16,Sensor-rich but underfunded,bridge_north,transport,46.237,19.027,53.943,38.48,33.193,26.882,27.19,62.0,35.0
16,Sensor-rich but underfunded,water_main_east,water,40.62,25.087,61.695,41.48,39.539,29.004,23.266,82.0,25.0
16,Sensor-rich but underfunded,substation_7,power,52.38,18.361,58.572,57.48,36.347,27.877,28.235,70.0,42.0
16,Sensor-rich but underfunded,transit_signal_core,transport,54.844,13.61,48.329,60.48,30.449,26.109,30.162,58.0,48.0
16,Sensor-rich but underfunded,stormwater_pump_south,stormwater,33.203,29.061,62.834,46.48,42.623,29.547,21.478,76.0,30.0
16,Sensor-rich but underfunded,cooling_center_grid_node,public_facility,47.56,19.826,58.237,50.48,36.335,28.433,26.889,88.0,38.0
16,Sensor-rich but underfunded,air_quality_sensor_cluster,environmental,60.445,9.339,43.986,44.48,24.98,25.314,34.392,74.0,55.0
16,Sensor-rich but underfunded,wastewater_lift_station,wastewater,41.687,24.322,58.325,47.48,38.539,28.332,24.248,68.0,32.0
16,Sensor-rich but underfunded,public_broadband_hub,digital,59.922,10.692,51.008,66.48,30.381,26.777,29.927,80.0,40.0
16,Sensor-rich but underfunded,hospital_access_corridor,transport,44.967,18.484,62.35,39.48,35.937,28.277,25.787,86.0,28.0
17,Sensor-rich but underfunded,bridge_north,transport,45.148,19.44,53.943,38.48,33.42,26.936,26.893,62.0,35.0
17,Sensor-rich but underfunded,water_main_east,water,39.555,25.492,61.695,41.48,39.762,29.057,22.975,82.0,25.0
17,Sensor-rich but underfunded,substation_7,power,51.299,18.772,58.572,57.48,36.573,27.93,27.939,70.0,42.0
17,Sensor-rich but underfunded,transit_signal_core,transport,53.792,14.01,48.329,60.48,30.669,26.161,29.874,58.0,48.0
17,Sensor-rich but underfunded,stormwater_pump_south,stormwater,31.927,29.546,62.834,46.48,42.89,29.61,21.129,76.0,30.0
17,Sensor-rich but underfunded,cooling_center_grid_node,public_facility,46.307,20.303,58.237,50.48,36.597,28.495,26.547,88.0,38.0
17,Sensor-rich but underfunded,air_quality_sensor_cluster,environmental,59.123,9.841,43.986,44.48,25.256,25.379,34.031,74.0,55.0
17,Sensor-rich but underfunded,wastewater_lift_station,wastewater,40.564,24.749,58.325,47.48,38.774,28.388,23.941,68.0,32.0
17,Sensor-rich but underfunded,public_broadband_hub,digital,58.936,11.067,51.008,66.48,30.588,26.826,29.658,80.0,40.0
17,Sensor-rich but underfunded,hospital_access_corridor,transport,43.923,18.881,62.35,39.48,36.155,28.329,25.501,86.0,28.0
18,Sensor-rich but underfunded,bridge_north,transport,44.061,19.854,53.943,38.48,33.648,26.99,26.596,62.0,35.0
18,Sensor-rich but underfunded,water_main_east,water,38.491,25.896,61.695,41.48,39.984,29.109,22.684,82.0,25.0
18,Sensor-rich but underfunded,substation_7,power,50.221,19.182,58.572,57.48,36.798,27.983,27.645,70.0,42.0
18,Sensor-rich but underfunded,transit_signal_core,transport,52.743,14.409,48.329,60.48,30.888,26.213,29.588,58.0,48.0
18,Sensor-rich but underfunded,stormwater_pump_south,stormwater,30.655,30.03,62.834,46.48,43.156,29.673,20.782,76.0,30.0
18,Sensor-rich but underfunded,cooling_center_grid_node,public_facility,45.056,20.778,58.237,50.48,36.859,28.557,26.205,88.0,38.0
18,Sensor-rich but underfunded,air_quality_sensor_cluster,environmental,57.804,10.342,43.986,44.48,25.532,25.445,33.671,74.0,55.0
18,Sensor-rich but underfunded,wastewater_lift_station,wastewater,39.444,25.175,58.325,47.48,39.008,28.443,23.635,68.0,32.0
18,Sensor-rich but underfunded,public_broadband_hub,digital,57.952,11.441,51.008,66.48,30.793,26.875,29.389,80.0,40.0
18,Sensor-rich but underfunded,hospital_access_corridor,transport,42.881,19.277,62.35,39.48,36.373,28.38,25.217,86.0,28.0
19,Sensor-rich but underfunded,bridge_north,transport,42.977,20.266,53.943,38.48,33.874,27.043,26.299,62.0,35.0
19,Sensor-rich but underfunded,water_main_east,water,37.43,26.299,61.695,41.48,40.206,29.162,22.394,82.0,25.0
19,Sensor-rich but underfunded,substation_7,power,49.146,19.59,58.572,57.48,37.023,28.036,27.351,70.0,42.0
19,Sensor-rich but underfunded,transit_signal_core,transport,51.695,14.807,48.329,60.48,31.107,26.265,29.302,58.0,48.0
19,Sensor-rich but underfunded,stormwater_pump_south,stormwater,29.385,30.512,62.834,46.48,43.421,29.735,20.435,76.0,30.0
19,Sensor-rich but underfunded,cooling_center_grid_node,public_facility,43.808,21.252,58.237,50.48,37.12,28.619,25.864,88.0,38.0
19,Sensor-rich but underfunded,air_quality_sensor_cluster,environmental,56.488,10.842,43.986,44.48,25.807,25.51,33.311,74.0,55.0
19,Sensor-rich but underfunded,wastewater_lift_station,wastewater,38.326,25.6,58.325,47.48,39.242,28.499,23.329,68.0,32.0
19,Sensor-rich but underfunded,public_broadband_hub,digital,56.97,11.814,51.008,66.48,30.998,26.923,29.121,80.0,40.0
19,Sensor-rich but underfunded,hospital_access_corridor,transport,41.841,19.672,62.35,39.48,36.59,28.432,24.932,86.0,28.0
20,Sensor-rich but underfunded,bridge_north,transport,41.895,20.677,53.943,38.48,34.1,27.097,26.004,62.0,35.0
20,Sensor-rich but underfunded,water_main_east,water,36.371,26.701,61.695,41.48,40.427,29.214,22.105,82.0,25.0
20,Sensor-rich but underfunded,substation_7,power,48.072,19.998,58.572,57.48,37.247,28.089,27.058,70.0,42.0
20,Sensor-rich but underfunded,transit_signal_core,transport,50.65,15.204,48.329,60.48,31.325,26.317,29.016,58.0,48.0
20,Sensor-rich but underfunded,stormwater_pump_south,stormwater,28.118,30.993,62.834,46.48,43.686,29.798,20.089,76.0,30.0
20,Sensor-rich but underfunded,cooling_center_grid_node,public_facility,42.563,21.725,58.237,50.48,37.38,28.68,25.524,88.0,38.0
20,Sensor-rich but underfunded,air_quality_sensor_cluster,environmental,55.175,11.341,43.986,44.48,26.081,25.574,32.952,74.0,55.0
20,Sensor-rich but underfunded,wastewater_lift_station,wastewater,37.21,26.024,58.325,47.48,39.475,28.554,23.024,68.0,32.0
20,Sensor-rich but underfunded,public_broadband_hub,digital,55.991,12.186,51.008,66.48,31.203,26.972,28.854,80.0,40.0
20,Sensor-rich but underfunded,hospital_access_corridor,transport,40.803,20.067,62.35,39.48,36.807,28.483,24.649,86.0,28.0
0,Predictive maintenance strategy,bridge_north,transport,64.0,5.971,56.108,21.94,25.116,40.824,50.289,62.0,35.0
0,Predictive maintenance strategy,water_main_east,water,58.0,11.937,64.638,24.94,31.682,43.325,46.294,82.0,25.0
0,Predictive maintenance strategy,substation_7,power,70.0,4.512,61.038,40.94,27.939,41.871,51.413,70.0,42.0
0,Predictive maintenance strategy,transit_signal_core,transport,72.0,0.0,50.42,43.94,22.041,39.908,53.205,58.0,48.0
0,Predictive maintenance strategy,stormwater_pump_south,stormwater,54.0,14.03,65.179,29.94,33.523,43.476,45.521,76.0,30.0
0,Predictive maintenance strategy,cooling_center_grid_node,public_facility,68.0,4.88,61.213,33.94,27.502,42.622,50.842,88.0,38.0
0,Predictive maintenance strategy,air_quality_sensor_cluster,environmental,82.0,0.0,46.449,27.94,19.051,39.96,57.805,74.0,55.0
0,Predictive maintenance strategy,wastewater_lift_station,wastewater,60.0,10.525,60.613,30.94,30.097,42.286,47.571,68.0,32.0
0,Predictive maintenance strategy,public_broadband_hub,digital,76.0,0.0,54.118,49.94,23.935,41.399,52.325,80.0,40.0
0,Predictive maintenance strategy,hospital_access_corridor,transport,62.0,5.636,65.545,22.94,28.334,42.724,48.696,86.0,28.0
1,Predictive maintenance strategy,bridge_north,transport,63.7,6.085,56.108,21.94,25.179,40.839,50.207,62.0,35.0
1,Predictive maintenance strategy,water_main_east,water,57.753,12.031,64.638,24.94,31.734,43.338,46.226,82.0,25.0
1,Predictive maintenance strategy,substation_7,power,69.717,4.619,61.038,40.94,27.998,41.885,51.336,70.0,42.0
1,Predictive maintenance strategy,transit_signal_core,transport,71.72,0.092,50.42,43.94,22.092,39.919,53.13,58.0,48.0
1,Predictive maintenance strategy,stormwater_pump_south,stormwater,53.563,14.197,65.179,29.94,33.615,43.497,45.401,76.0,30.0
1,Predictive maintenance strategy,cooling_center_grid_node,public_facility,67.585,5.038,61.213,33.94,27.589,42.643,50.728,88.0,38.0
1,Predictive maintenance strategy,air_quality_sensor_cluster,environmental,81.525,0.0,46.449,27.94,19.051,39.96,57.7,74.0,55.0
1,Predictive maintenance strategy,wastewater_lift_station,wastewater,59.683,10.646,60.613,30.94,30.164,42.302,47.485,68.0,32.0
1,Predictive maintenance strategy,public_broadband_hub,digital,75.817,0.0,54.118,49.94,23.935,41.399,52.285,80.0,40.0
1,Predictive maintenance strategy,hospital_access_corridor,transport,61.771,5.723,65.545,22.94,28.382,42.735,48.633,86.0,28.0
2,Predictive maintenance strategy,bridge_north,transport,63.402,6.199,56.108,21.94,25.241,40.854,50.125,62.0,35.0
2,Predictive maintenance strategy,water_main_east,water,57.506,12.125,64.638,24.94,31.786,43.35,46.159,82.0,25.0
2,Predictive maintenance strategy,substation_7,power,69.435,4.727,61.038,40.94,28.057,41.899,51.259,70.0,42.0
2,Predictive maintenance strategy,transit_signal_core,transport,71.44,0.198,50.42,43.94,22.15,39.933,53.054,58.0,48.0
2,Predictive maintenance strategy,stormwater_pump_south,stormwater,53.126,14.362,65.179,29.94,33.706,43.519,45.282,76.0,30.0
2,Predictive maintenance strategy,cooling_center_grid_node,public_facility,67.171,5.195,61.213,33.94,27.676,42.663,50.615,88.0,38.0
2,Predictive maintenance strategy,air_quality_sensor_cluster,environmental,81.051,0.0,46.449,27.94,19.051,39.96,57.596,74.0,55.0
2,Predictive maintenance strategy,wastewater_lift_station,wastewater,59.367,10.766,60.613,30.94,30.23,42.318,47.398,68.0,32.0
2,Predictive maintenance strategy,public_broadband_hub,digital,75.634,0.0,54.118,49.94,23.935,41.399,52.244,80.0,40.0
2,Predictive maintenance strategy,hospital_access_corridor,transport,61.542,5.81,65.545,22.94,28.43,42.746,48.571,86.0,28.0
3,Predictive maintenance strategy,bridge_north,transport,63.103,6.312,56.108,21.94,25.303,40.868,50.044,62.0,35.0
3,Predictive maintenance strategy,water_main_east,water,57.259,12.218,64.638,24.94,31.837,43.362,46.091,82.0,25.0
3,Predictive maintenance strategy,substation_7,power,69.154,4.834,61.038,40.94,28.116,41.913,51.182,70.0,42.0
3,Predictive maintenance strategy,transit_signal_core,transport,71.161,0.305,50.42,43.94,22.208,39.947,52.978,58.0,48.0
3,Predictive maintenance strategy,stormwater_pump_south,stormwater,52.691,14.528,65.179,29.94,33.797,43.54,45.163,76.0,30.0
3,Predictive maintenance strategy,cooling_center_grid_node,public_facility,66.757,5.352,61.213,33.94,27.762,42.683,50.502,88.0,38.0
3,Predictive maintenance strategy,air_quality_sensor_cluster,environmental,80.576,0.0,46.449,27.94,19.051,39.96,57.492,74.0,55.0
3,Predictive maintenance strategy,wastewater_lift_station,wastewater,59.051,10.886,60.613,30.94,30.296,42.333,47.312,68.0,32.0
3,Predictive maintenance strategy,public_broadband_hub,digital,75.451,0.0,54.118,49.94,23.935,41.399,52.204,80.0,40.0
3,Predictive maintenance strategy,hospital_access_corridor,transport,61.314,5.897,65.545,22.94,28.478,42.758,48.508,86.0,28.0
4,Predictive maintenance strategy,bridge_north,transport,62.806,6.425,56.108,21.94,25.366,40.883,49.963,62.0,35.0
4,Predictive maintenance strategy,water_main_east,water,57.013,12.312,64.638,24.94,31.889,43.374,46.024,82.0,25.0
4,Predictive maintenance strategy,substation_7,power,68.873,4.94,61.038,40.94,28.174,41.927,51.105,70.0,42.0
4,Predictive maintenance strategy,transit_signal_core,transport,70.882,0.41,50.42,43.94,22.267,39.961,52.901,58.0,48.0
4,Predictive maintenance strategy,stormwater_pump_south,stormwater,52.257,14.693,65.179,29.94,33.888,43.562,45.044,76.0,30.0
4,Predictive maintenance strategy,cooling_center_grid_node,public_facility,66.345,5.509,61.213,33.94,27.848,42.704,50.389,88.0,38.0
4,Predictive maintenance strategy,air_quality_sensor_cluster,environmental,80.102,0.0,46.449,27.94,19.051,39.96,57.387,74.0,55.0
4,Predictive maintenance strategy,wastewater_lift_station,wastewater,58.737,11.005,60.613,30.94,30.361,42.349,47.226,68.0,32.0
4,Predictive maintenance strategy,public_broadband_hub,digital,75.268,0.0,54.118,49.94,23.935,41.399,52.164,80.0,40.0
4,Predictive maintenance strategy,hospital_access_corridor,transport,61.086,5.983,65.545,22.94,28.525,42.769,48.446,86.0,28.0
5,Predictive maintenance strategy,bridge_north,transport,62.509,6.538,56.108,21.94,25.428,40.898,49.881,62.0,35.0
5,Predictive maintenance strategy,water_main_east,water,56.768,12.405,64.638,24.94,31.94,43.386,45.957,82.0,25.0
5,Predictive maintenance strategy,substation_7,power,68.593,5.047,61.038,40.94,28.233,41.94,51.029,70.0,42.0
5,Predictive maintenance strategy,transit_signal_core,transport,70.604,0.516,50.42,43.94,22.325,39.975,52.826,58.0,48.0
5,Predictive maintenance strategy,stormwater_pump_south,stormwater,51.823,14.858,65.179,29.94,33.978,43.583,44.926,76.0,30.0
5,Predictive maintenance strategy,cooling_center_grid_node,public_facility,65.933,5.665,61.213,33.94,27.934,42.724,50.277,88.0,38.0
5,Predictive maintenance strategy,air_quality_sensor_cluster,environmental,79.627,0.0,46.449,27.94,19.051,39.96,57.283,74.0,55.0
5,Predictive maintenance strategy,wastewater_lift_station,wastewater,58.422,11.125,60.613,30.94,30.427,42.364,47.14,68.0,32.0
5,Predictive maintenance strategy,public_broadband_hub,digital,75.085,0.0,54.118,49.94,23.935,41.399,52.124,80.0,40.0
5,Predictive maintenance strategy,hospital_access_corridor,transport,60.859,6.07,65.545,22.94,28.573,42.78,48.384,86.0,28.0
6,Predictive maintenance strategy,bridge_north,transport,62.213,6.65,56.108,21.94,25.49,40.912,49.801,62.0,35.0
6,Predictive maintenance strategy,water_main_east,water,56.523,12.498,64.638,24.94,31.991,43.398,45.89,82.0,25.0
6,Predictive maintenance strategy,substation_7,power,68.313,5.153,61.038,40.94,28.291,41.954,50.952,70.0,42.0
6,Predictive maintenance strategy,transit_signal_core,transport,70.327,0.621,50.42,43.94,22.383,39.988,52.75,58.0,48.0
6,Predictive maintenance strategy,stormwater_pump_south,stormwater,51.391,15.022,65.179,29.94,34.069,43.605,44.808,76.0,30.0
6,Predictive maintenance strategy,cooling_center_grid_node,public_facility,65.523,5.821,61.213,33.94,28.02,42.744,50.165,88.0,38.0
6,Predictive maintenance strategy,air_quality_sensor_cluster,environmental,79.153,0.0,46.449,27.94,19.051,39.96,57.178,74.0,55.0
6,Predictive maintenance strategy,wastewater_lift_station,wastewater,58.109,11.244,60.613,30.94,30.493,42.38,47.055,68.0,32.0
6,Predictive maintenance strategy,public_broadband_hub,digital,74.902,0.0,54.118,49.94,23.935,41.399,52.083,80.0,40.0
6,Predictive maintenance strategy,hospital_access_corridor,transport,60.632,6.156,65.545,22.94,28.62,42.791,48.322,86.0,28.0
7,Predictive maintenance strategy,bridge_north,transport,61.917,6.763,56.108,21.94,25.551,40.927,49.72,62.0,35.0
7,Predictive maintenance strategy,water_main_east,water,56.279,12.591,64.638,24.94,32.042,43.41,45.824,82.0,25.0
7,Predictive maintenance strategy,substation_7,power,68.034,5.259,61.038,40.94,28.35,41.968,50.876,70.0,42.0
7,Predictive maintenance strategy,transit_signal_core,transport,70.05,0.726,50.42,43.94,22.441,40.002,52.674,58.0,48.0
7,Predictive maintenance strategy,stormwater_pump_south,stormwater,50.959,15.186,65.179,29.94,34.159,43.626,44.69,76.0,30.0
7,Predictive maintenance strategy,cooling_center_grid_node,public_facility,65.113,5.977,61.213,33.94,28.106,42.765,50.053,88.0,38.0
7,Predictive maintenance strategy,air_quality_sensor_cluster,environmental,78.678,0.0,46.449,27.94,19.051,39.96,57.074,74.0,55.0
7,Predictive maintenance strategy,wastewater_lift_station,wastewater,57.796,11.363,60.613,30.94,30.558,42.395,46.969,68.0,32.0
7,Predictive maintenance strategy,public_broadband_hub,digital,74.719,0.0,54.118,49.94,23.935,41.399,52.043,80.0,40.0
7,Predictive maintenance strategy,hospital_access_corridor,transport,60.406,6.242,65.545,22.94,28.668,42.803,48.26,86.0,28.0
8,Predictive maintenance strategy,bridge_north,transport,61.622,6.875,56.108,21.94,25.613,40.942,49.639,62.0,35.0
8,Predictive maintenance strategy,water_main_east,water,56.035,12.683,64.638,24.94,32.093,43.422,45.757,82.0,25.0
8,Predictive maintenance strategy,substation_7,power,67.756,5.365,61.038,40.94,28.408,41.982,50.8,70.0,42.0
8,Predictive maintenance strategy,transit_signal_core,transport,69.774,0.831,50.42,43.94,22.498,40.016,52.599,58.0,48.0
8,Predictive maintenance strategy,stormwater_pump_south,stormwater,50.529,15.349,65.179,29.94,34.249,43.647,44.572,76.0,30.0
8,Predictive maintenance strategy,cooling_center_grid_node,public_facility,64.704,6.132,61.213,33.94,28.191,42.785,49.941,88.0,38.0
8,Predictive maintenance strategy,air_quality_sensor_cluster,environmental,78.204,0.0,46.449,27.94,19.051,39.96,56.97,74.0,55.0
8,Predictive maintenance strategy,wastewater_lift_station,wastewater,57.484,11.481,60.613,30.94,30.623,42.411,46.884,68.0,32.0
8,Predictive maintenance strategy,public_broadband_hub,digital,74.536,0.0,54.118,49.94,23.935,41.399,52.003,80.0,40.0
8,Predictive maintenance strategy,hospital_access_corridor,transport,60.181,6.327,65.545,22.94,28.715,42.814,48.199,86.0,28.0
9,Predictive maintenance strategy,bridge_north,transport,61.328,6.987,56.108,21.94,25.674,40.956,49.559,62.0,35.0
9,Predictive maintenance strategy,water_main_east,water,55.792,12.776,64.638,24.94,32.144,43.434,45.691,82.0,25.0
9,Predictive maintenance strategy,substation_7,power,67.478,5.47,61.038,40.94,28.466,41.996,50.724,70.0,42.0
9,Predictive maintenance strategy,transit_signal_core,transport,69.499,0.936,50.42,43.94,22.556,40.029,52.523,58.0,48.0
9,Predictive maintenance strategy,stormwater_pump_south,stormwater,50.099,15.513,65.179,29.94,34.339,43.668,44.455,76.0,30.0
9,Predictive maintenance strategy,cooling_center_grid_node,public_facility,64.296,6.287,61.213,33.94,28.277,42.805,49.83,88.0,38.0
9,Predictive maintenance strategy,air_quality_sensor_cluster,environmental,77.729,0.0,46.449,27.94,19.051,39.96,56.865,74.0,55.0
9,Predictive maintenance strategy,wastewater_lift_station,wastewater,57.173,11.599,60.613,30.94,30.688,42.426,46.799,68.0,32.0
9,Predictive maintenance strategy,public_broadband_hub,digital,74.353,0.0,54.118,49.94,23.935,41.399,51.963,80.0,40.0
9,Predictive maintenance strategy,hospital_access_corridor,transport,59.956,6.413,65.545,22.94,28.762,42.825,48.137,86.0,28.0
10,Predictive maintenance strategy,bridge_north,transport,61.034,7.098,56.108,21.94,25.736,40.971,49.479,62.0,35.0
10,Predictive maintenance strategy,water_main_east,water,55.55,12.868,64.638,24.94,32.194,43.446,45.624,82.0,25.0
10,Predictive maintenance strategy,substation_7,power,67.201,5.576,61.038,40.94,28.524,42.009,50.649,70.0,42.0
10,Predictive maintenance strategy,transit_signal_core,transport,69.224,1.041,50.42,43.94,22.613,40.043,52.448,58.0,48.0
10,Predictive maintenance strategy,stormwater_pump_south,stormwater,49.671,15.676,65.179,29.94,34.428,43.69,44.338,76.0,30.0
10,Predictive maintenance strategy,cooling_center_grid_node,public_facility,63.889,6.442,61.213,33.94,28.362,42.825,49.719,88.0,38.0
10,Predictive maintenance strategy,air_quality_sensor_cluster,environmental,77.255,0.0,46.449,27.94,19.051,39.96,56.761,74.0,55.0
10,Predictive maintenance strategy,wastewater_lift_station,wastewater,56.862,11.718,60.613,30.94,30.753,42.441,46.714,68.0,32.0
10,Predictive maintenance strategy,public_broadband_hub,digital,74.17,0.0,54.118,49.94,23.935,41.399,51.922,80.0,40.0
10,Predictive maintenance strategy,hospital_access_corridor,transport,59.731,6.498,65.545,22.94,28.809,42.836,48.076,86.0,28.0
11,Predictive maintenance strategy,bridge_north,transport,60.741,7.21,56.108,21.94,25.797,40.985,49.399,62.0,35.0
11,Predictive maintenance strategy,water_main_east,water,55.308,12.96,64.638,24.94,32.245,43.458,45.558,82.0,25.0
11,Predictive maintenance strategy,substation_7,power,66.925,5.681,61.038,40.94,28.581,42.023,50.573,70.0,42.0
11,Predictive maintenance strategy,transit_signal_core,transport,68.95,1.145,50.42,43.94,22.671,40.056,52.373,58.0,48.0
11,Predictive maintenance strategy,stormwater_pump_south,stormwater,49.243,15.838,65.179,29.94,34.518,43.711,44.221,76.0,30.0
11,Predictive maintenance strategy,cooling_center_grid_node,public_facility,63.483,6.596,61.213,33.94,28.447,42.845,49.608,88.0,38.0
11,Predictive maintenance strategy,air_quality_sensor_cluster,environmental,76.78,0.0,46.449,27.94,19.051,39.96,56.656,74.0,55.0
11,Predictive maintenance strategy,wastewater_lift_station,wastewater,56.552,11.835,60.613,30.94,30.818,42.457,46.629,68.0,32.0
11,Predictive maintenance strategy,public_broadband_hub,digital,73.988,0.0,54.118,49.94,23.935,41.399,51.882,80.0,40.0
11,Predictive maintenance strategy,hospital_access_corridor,transport,59.507,6.583,65.545,22.94,28.856,42.847,48.015,86.0,28.0
12,Predictive maintenance strategy,bridge_north,transport,60.449,7.321,56.108,21.94,25.858,41.0,49.319,62.0,35.0
12,Predictive maintenance strategy,water_main_east,water,55.066,13.052,64.638,24.94,32.296,43.47,45.492,82.0,25.0
12,Predictive maintenance strategy,substation_7,power,66.649,5.785,61.038,40.94,28.639,42.037,50.498,70.0,42.0
12,Predictive maintenance strategy,transit_signal_core,transport,68.676,1.249,50.42,43.94,22.728,40.07,52.299,58.0,48.0
12,Predictive maintenance strategy,stormwater_pump_south,stormwater,48.816,16.0,65.179,29.94,34.607,43.732,44.104,76.0,30.0
12,Predictive maintenance strategy,cooling_center_grid_node,public_facility,63.078,6.75,61.213,33.94,28.531,42.865,49.497,88.0,38.0
12,Predictive maintenance strategy,air_quality_sensor_cluster,environmental,76.306,0.0,46.449,27.94,19.051,39.96,56.552,74.0,55.0
12,Predictive maintenance strategy,wastewater_lift_station,wastewater,56.243,11.953,60.613,30.94,30.883,42.472,46.545,68.0,32.0
12,Predictive maintenance strategy,public_broadband_hub,digital,73.805,0.0,54.118,49.94,23.935,41.399,51.842,80.0,40.0
12,Predictive maintenance strategy,hospital_access_corridor,transport,59.283,6.668,65.545,22.94,28.902,42.858,47.954,86.0,28.0
13,Predictive maintenance strategy,bridge_north,transport,60.157,7.431,56.108,21.94,25.919,41.014,49.239,62.0,35.0
13,Predictive maintenance strategy,water_main_east,water,54.825,13.143,64.638,24.94,32.346,43.482,45.426,82.0,25.0
13,Predictive maintenance strategy,substation_7,power,66.374,5.89,61.038,40.94,28.697,42.05,50.422,70.0,42.0
13,Predictive maintenance strategy,transit_signal_core,transport,68.403,1.352,50.42,43.94,22.785,40.083,52.224,58.0,48.0
13,Predictive maintenance strategy,stormwater_pump_south,stormwater,48.391,16.162,65.179,29.94,34.696,43.753,43.988,76.0,30.0
13,Predictive maintenance strategy,cooling_center_grid_node,public_facility,62.674,6.904,61.213,33.94,28.616,42.885,49.386,88.0,38.0
13,Predictive maintenance strategy,air_quality_sensor_cluster,environmental,75.831,0.0,46.449,27.94,19.051,39.96,56.448,74.0,55.0
13,Predictive maintenance strategy,wastewater_lift_station,wastewater,55.935,12.07,60.613,30.94,30.947,42.487,46.461,68.0,32.0
13,Predictive maintenance strategy,public_broadband_hub,digital,73.622,0.0,54.118,49.94,23.935,41.399,51.802,80.0,40.0
13,Predictive maintenance strategy,hospital_access_corridor,transport,59.06,6.753,65.545,22.94,28.949,42.869,47.893,86.0,28.0
14,Predictive maintenance strategy,bridge_north,transport,59.866,7.542,56.108,21.94,25.98,41.028,49.16,62.0,35.0
14,Predictive maintenance strategy,water_main_east,water,54.585,13.235,64.638,24.94,32.396,43.494,45.361,82.0,25.0
14,Predictive maintenance strategy,substation_7,power,66.099,5.994,61.038,40.94,28.754,42.064,50.347,70.0,42.0
14,Predictive maintenance strategy,transit_signal_core,transport,68.131,1.456,50.42,43.94,22.842,40.097,52.15,58.0,48.0
14,Predictive maintenance strategy,stormwater_pump_south,stormwater,47.966,16.323,65.179,29.94,34.785,43.774,43.872,76.0,30.0
14,Predictive maintenance strategy,cooling_center_grid_node,public_facility,62.27,7.057,61.213,33.94,28.7,42.905,49.276,88.0,38.0
14,Predictive maintenance strategy,air_quality_sensor_cluster,environmental,75.357,0.0,46.449,27.94,19.051,39.96,56.343,74.0,55.0
14,Predictive maintenance strategy,wastewater_lift_station,wastewater,55.627,12.187,60.613,30.94,31.011,42.502,46.376,68.0,32.0
14,Predictive maintenance strategy,public_broadband_hub,digital,73.439,0.0,54.118,49.94,23.935,41.399,51.761,80.0,40.0
14,Predictive maintenance strategy,hospital_access_corridor,transport,58.837,6.838,65.545,22.94,28.995,42.88,47.832,86.0,28.0
15,Predictive maintenance strategy,bridge_north,transport,59.576,7.652,56.108,21.94,26.041,41.043,49.08,62.0,35.0
15,Predictive maintenance strategy,water_main_east,water,54.345,13.326,64.638,24.94,32.446,43.506,45.295,82.0,25.0
15,Predictive maintenance strategy,substation_7,power,65.825,6.098,61.038,40.94,28.811,42.077,50.273,70.0,42.0
15,Predictive maintenance strategy,transit_signal_core,transport,67.859,1.559,50.42,43.94,22.899,40.11,52.075,58.0,48.0
15,Predictive maintenance strategy,stormwater_pump_south,stormwater,47.542,16.484,65.179,29.94,34.873,43.795,43.756,76.0,30.0
15,Predictive maintenance strategy,cooling_center_grid_node,public_facility,61.868,7.21,61.213,33.94,28.784,42.925,49.166,88.0,38.0
15,Predictive maintenance strategy,air_quality_sensor_cluster,environmental,74.882,0.0,46.449,27.94,19.051,39.96,56.239,74.0,55.0
15,Predictive maintenance strategy,wastewater_lift_station,wastewater,55.32,12.304,60.613,30.94,31.076,42.517,46.293,68.0,32.0
15,Predictive maintenance strategy,public_broadband_hub,digital,73.256,0.0,54.118,49.94,23.935,41.399,51.721,80.0,40.0
15,Predictive maintenance strategy,hospital_access_corridor,transport,58.615,6.922,65.545,22.94,29.042,42.891,47.771,86.0,28.0
16,Predictive maintenance strategy,bridge_north,transport,59.286,7.762,56.108,21.94,26.101,41.057,49.001,62.0,35.0
16,Predictive maintenance strategy,water_main_east,water,54.106,13.417,64.638,24.94,32.496,43.518,45.23,82.0,25.0
16,Predictive maintenance strategy,substation_7,power,65.552,6.202,61.038,40.94,28.868,42.091,50.198,70.0,42.0
16,Predictive maintenance strategy,transit_signal_core,transport,67.588,1.662,50.42,43.94,22.955,40.124,52.001,58.0,48.0
16,Predictive maintenance strategy,stormwater_pump_south,stormwater,47.119,16.645,65.179,29.94,34.962,43.816,43.641,76.0,30.0
16,Predictive maintenance strategy,cooling_center_grid_node,public_facility,61.466,7.363,61.213,33.94,28.868,42.945,49.057,88.0,38.0
16,Predictive maintenance strategy,air_quality_sensor_cluster,environmental,74.408,0.0,46.449,27.94,19.051,39.96,56.135,74.0,55.0
16,Predictive maintenance strategy,wastewater_lift_station,wastewater,55.013,12.42,60.613,30.94,31.14,42.533,46.209,68.0,32.0
16,Predictive maintenance strategy,public_broadband_hub,digital,73.073,0.0,54.118,49.94,23.935,41.399,51.681,80.0,40.0
16,Predictive maintenance strategy,hospital_access_corridor,transport,58.393,7.006,65.545,22.94,29.088,42.902,47.71,86.0,28.0
17,Predictive maintenance strategy,bridge_north,transport,58.997,7.872,56.108,21.94,26.162,41.071,48.922,62.0,35.0
17,Predictive maintenance strategy,water_main_east,water,53.867,13.507,64.638,24.94,32.546,43.529,45.164,82.0,25.0
17,Predictive maintenance strategy,substation_7,power,65.279,6.306,61.038,40.94,28.925,42.104,50.123,70.0,42.0
17,Predictive maintenance strategy,transit_signal_core,transport,67.317,1.765,50.42,43.94,23.012,40.137,51.927,58.0,48.0
17,Predictive maintenance strategy,stormwater_pump_south,stormwater,46.697,16.805,65.179,29.94,35.05,43.836,43.525,76.0,30.0
17,Predictive maintenance strategy,cooling_center_grid_node,public_facility,61.066,7.515,61.213,33.94,28.952,42.965,48.947,88.0,38.0
17,Predictive maintenance strategy,air_quality_sensor_cluster,environmental,73.933,0.0,46.449,27.94,19.051,39.96,56.03,74.0,55.0
17,Predictive maintenance strategy,wastewater_lift_station,wastewater,54.707,12.536,60.613,30.94,31.204,42.548,46.125,68.0,32.0
17,Predictive maintenance strategy,public_broadband_hub,digital,72.89,0.0,54.118,49.94,23.935,41.399,51.641,80.0,40.0
17,Predictive maintenance strategy,hospital_access_corridor,transport,58.172,7.091,65.545,22.94,29.134,42.913,47.65,86.0,28.0
18,Predictive maintenance strategy,bridge_north,transport,58.709,7.982,56.108,21.94,26.222,41.086,48.843,62.0,35.0
18,Predictive maintenance strategy,water_main_east,water,53.629,13.598,64.638,24.94,32.596,43.541,45.099,82.0,25.0
18,Predictive maintenance strategy,substation_7,power,65.007,6.409,61.038,40.94,28.982,42.118,50.049,70.0,42.0
18,Predictive maintenance strategy,transit_signal_core,transport,67.047,1.868,50.42,43.94,23.068,40.15,51.854,58.0,48.0
18,Predictive maintenance strategy,stormwater_pump_south,stormwater,46.276,16.965,65.179,29.94,35.138,43.857,43.41,76.0,30.0
18,Predictive maintenance strategy,cooling_center_grid_node,public_facility,60.666,7.667,61.213,33.94,29.035,42.984,48.838,88.0,38.0
18,Predictive maintenance strategy,air_quality_sensor_cluster,environmental,73.459,0.0,46.449,27.94,19.051,39.96,55.926,74.0,55.0
18,Predictive maintenance strategy,wastewater_lift_station,wastewater,54.402,12.652,60.613,30.94,31.267,42.563,46.042,68.0,32.0
18,Predictive maintenance strategy,public_broadband_hub,digital,72.707,0.0,54.118,49.94,23.935,41.399,51.6,80.0,40.0
18,Predictive maintenance strategy,hospital_access_corridor,transport,57.952,7.174,65.545,22.94,29.181,42.924,47.59,86.0,28.0
19,Predictive maintenance strategy,bridge_north,transport,58.421,8.091,56.108,21.94,26.282,41.1,48.765,62.0,35.0
19,Predictive maintenance strategy,water_main_east,water,53.391,13.688,64.638,24.94,32.646,43.553,45.034,82.0,25.0
19,Predictive maintenance strategy,substation_7,power,64.735,6.513,61.038,40.94,29.039,42.131,49.975,70.0,42.0
19,Predictive maintenance strategy,transit_signal_core,transport,66.778,1.97,50.42,43.94,23.125,40.164,51.78,58.0,48.0
19,Predictive maintenance strategy,stormwater_pump_south,stormwater,45.856,17.125,65.179,29.94,35.226,43.878,43.296,76.0,30.0
19,Predictive maintenance strategy,cooling_center_grid_node,public_facility,60.267,7.819,61.213,33.94,29.119,43.004,48.729,88.0,38.0
19,Predictive maintenance strategy,air_quality_sensor_cluster,environmental,72.984,0.0,46.449,27.94,19.051,39.96,55.821,74.0,55.0
19,Predictive maintenance strategy,wastewater_lift_station,wastewater,54.098,12.768,60.613,30.94,31.331,42.578,45.959,68.0,32.0
19,Predictive maintenance strategy,public_broadband_hub,digital,72.524,0.0,54.118,49.94,23.935,41.399,51.56,80.0,40.0
19,Predictive maintenance strategy,hospital_access_corridor,transport,57.731,7.258,65.545,22.94,29.227,42.935,47.53,86.0,28.0
20,Predictive maintenance strategy,bridge_north,transport,58.134,8.2,56.108,21.94,26.342,41.114,48.686,62.0,35.0
20,Predictive maintenance strategy,water_main_east,water,53.154,13.778,64.638,24.94,32.695,43.565,44.97,82.0,25.0
20,Predictive maintenance strategy,substation_7,power,64.464,6.616,61.038,40.94,29.096,42.144,49.901,70.0,42.0
20,Predictive maintenance strategy,transit_signal_core,transport,66.509,2.072,50.42,43.94,23.181,40.177,51.707,58.0,48.0
20,Predictive maintenance strategy,stormwater_pump_south,stormwater,45.437,17.284,65.179,29.94,35.313,43.899,43.181,76.0,30.0
20,Predictive maintenance strategy,cooling_center_grid_node,public_facility,59.869,7.97,61.213,33.94,29.202,43.024,48.62,88.0,38.0
20,Predictive maintenance strategy,air_quality_sensor_cluster,environmental,72.51,0.0,46.449,27.94,19.051,39.96,55.717,74.0,55.0
20,Predictive maintenance strategy,wastewater_lift_station,wastewater,53.794,12.884,60.613,30.94,31.394,42.593,45.876,68.0,32.0
20,Predictive maintenance strategy,public_broadband_hub,digital,72.341,0.0,54.118,49.94,23.935,41.399,51.52,80.0,40.0
20,Predictive maintenance strategy,hospital_access_corridor,transport,57.512,7.342,65.545,22.94,29.273,42.946,47.47,86.0,28.0
0,Accountable resilient infrastructure,bridge_north,transport,64.0,3.49,58.414,9.66,23.33,47.526,60.019,62.0,35.0
0,Accountable resilient infrastructure,water_main_east,water,58.0,9.273,67.746,12.66,30.077,50.397,56.049,82.0,25.0
0,Accountable resilient infrastructure,substation_7,power,70.0,1.379,63.657,28.66,25.904,48.645,61.234,70.0,42.0
0,Accountable resilient infrastructure,transit_signal_core,transport,72.0,0.0,52.626,31.66,21.585,46.858,62.587,58.0,48.0
0,Accountable resilient infrastructure,stormwater_pump_south,stormwater,54.0,10.926,67.774,17.66,31.496,50.349,55.338,76.0,30.0
0,Accountable resilient infrastructure,cooling_center_grid_node,public_facility,68.0,1.734,64.413,21.66,25.664,49.737,60.664,88.0,38.0
0,Accountable resilient infrastructure,air_quality_sensor_cluster,environmental,82.0,0.0,49.11,15.66,18.754,47.21,67.187,74.0,55.0
0,Accountable resilient infrastructure,wastewater_lift_station,wastewater,60.0,7.637,63.077,18.66,28.143,49.046,57.358,68.0,32.0
0,Accountable resilient infrastructure,public_broadband_hub,digital,76.0,0.0,57.331,37.66,23.832,48.793,61.707,80.0,40.0
0,Accountable resilient infrastructure,hospital_access_corridor,transport,62.0,3.101,68.887,10.66,26.882,49.897,58.433,86.0,28.0
1,Accountable resilient infrastructure,bridge_north,transport,64.072,3.462,58.414,9.66,23.315,47.522,60.038,62.0,35.0
1,Accountable resilient infrastructure,water_main_east,water,58.149,9.216,67.746,12.66,30.046,50.389,56.09,82.0,25.0
1,Accountable resilient infrastructure,substation_7,power,70.096,1.343,63.657,28.66,25.884,48.64,61.26,70.0,42.0
1,Accountable resilient infrastructure,transit_signal_core,transport,72.093,0.0,52.626,31.66,21.585,46.858,62.608,58.0,48.0
1,Accountable resilient infrastructure,stormwater_pump_south,stormwater,53.978,10.934,67.774,17.66,31.501,50.35,55.332,76.0,30.0
1,Accountable resilient infrastructure,cooling_center_grid_node,public_facility,68.003,1.733,64.413,21.66,25.663,49.736,60.665,88.0,38.0
1,Accountable resilient infrastructure,air_quality_sensor_cluster,environmental,81.941,0.0,49.11,15.66,18.754,47.21,67.174,74.0,55.0
1,Accountable resilient infrastructure,wastewater_lift_station,wastewater,60.069,7.611,63.077,18.66,28.129,49.043,57.377,68.0,32.0
1,Accountable resilient infrastructure,public_broadband_hub,digital,76.206,0.0,57.331,37.66,23.832,48.793,61.753,80.0,40.0
1,Accountable resilient infrastructure,hospital_access_corridor,transport,62.165,3.038,68.887,10.66,26.847,49.889,58.478,86.0,28.0
2,Accountable resilient infrastructure,bridge_north,transport,64.143,3.435,58.414,9.66,23.3,47.519,60.058,62.0,35.0
2,Accountable resilient infrastructure,water_main_east,water,58.297,9.16,67.746,12.66,30.015,50.382,56.13,82.0,25.0
2,Accountable resilient infrastructure,substation_7,power,70.192,1.306,63.657,28.66,25.864,48.635,61.286,70.0,42.0
2,Accountable resilient infrastructure,transit_signal_core,transport,72.187,0.0,52.626,31.66,21.585,46.858,62.628,58.0,48.0
2,Accountable resilient infrastructure,stormwater_pump_south,stormwater,53.957,10.942,67.774,17.66,31.505,50.351,55.326,76.0,30.0
2,Accountable resilient infrastructure,cooling_center_grid_node,public_facility,68.005,1.732,64.413,21.66,25.663,49.736,60.666,88.0,38.0
2,Accountable resilient infrastructure,air_quality_sensor_cluster,environmental,81.881,0.0,49.11,15.66,18.754,47.21,67.161,74.0,55.0
2,Accountable resilient infrastructure,wastewater_lift_station,wastewater,60.137,7.585,63.077,18.66,28.114,49.039,57.396,68.0,32.0
2,Accountable resilient infrastructure,public_broadband_hub,digital,76.413,0.0,57.331,37.66,23.832,48.793,61.798,80.0,40.0
2,Accountable resilient infrastructure,hospital_access_corridor,transport,62.33,2.975,68.887,10.66,26.813,49.881,58.523,86.0,28.0
3,Accountable resilient infrastructure,bridge_north,transport,64.214,3.408,58.414,9.66,23.285,47.515,60.077,62.0,35.0
3,Accountable resilient infrastructure,water_main_east,water,58.446,9.103,67.746,12.66,29.984,50.375,56.171,82.0,25.0
3,Accountable resilient infrastructure,substation_7,power,70.287,1.27,63.657,28.66,25.844,48.63,61.313,70.0,42.0
3,Accountable resilient infrastructure,transit_signal_core,transport,72.28,0.0,52.626,31.66,21.585,46.858,62.649,58.0,48.0
3,Accountable resilient infrastructure,stormwater_pump_south,stormwater,53.935,10.95,67.774,17.66,31.51,50.352,55.32,76.0,30.0
3,Accountable resilient infrastructure,cooling_center_grid_node,public_facility,68.008,1.731,64.413,21.66,25.662,49.736,60.667,88.0,38.0
3,Accountable resilient infrastructure,air_quality_sensor_cluster,environmental,81.822,0.0,49.11,15.66,18.754,47.21,67.148,74.0,55.0
3,Accountable resilient infrastructure,wastewater_lift_station,wastewater,60.206,7.559,63.077,18.66,28.1,49.036,57.414,68.0,32.0
3,Accountable resilient infrastructure,public_broadband_hub,digital,76.619,0.0,57.331,37.66,23.832,48.793,61.843,80.0,40.0
3,Accountable resilient infrastructure,hospital_access_corridor,transport,62.495,2.913,68.887,10.66,26.779,49.872,58.568,86.0,28.0
4,Accountable resilient infrastructure,bridge_north,transport,64.285,3.381,58.414,9.66,23.27,47.512,60.097,62.0,35.0
4,Accountable resilient infrastructure,water_main_east,water,58.594,9.047,67.746,12.66,29.953,50.367,56.211,82.0,25.0
4,Accountable resilient infrastructure,substation_7,power,70.383,1.234,63.657,28.66,25.824,48.626,61.339,70.0,42.0
4,Accountable resilient infrastructure,transit_signal_core,transport,72.373,0.0,52.626,31.66,21.585,46.858,62.669,58.0,48.0
4,Accountable resilient infrastructure,stormwater_pump_south,stormwater,53.913,10.959,67.774,17.66,31.514,50.354,55.314,76.0,30.0
4,Accountable resilient infrastructure,cooling_center_grid_node,public_facility,68.01,1.73,64.413,21.66,25.662,49.736,60.667,88.0,38.0
4,Accountable resilient infrastructure,air_quality_sensor_cluster,environmental,81.763,0.0,49.11,15.66,18.754,47.21,67.135,74.0,55.0
4,Accountable resilient infrastructure,wastewater_lift_station,wastewater,60.274,7.533,63.077,18.66,28.086,49.033,57.433,68.0,32.0
4,Accountable resilient infrastructure,public_broadband_hub,digital,76.825,0.0,57.331,37.66,23.832,48.793,61.889,80.0,40.0
4,Accountable resilient infrastructure,hospital_access_corridor,transport,62.659,2.85,68.887,10.66,26.744,49.864,58.613,86.0,28.0
5,Accountable resilient infrastructure,bridge_north,transport,64.356,3.354,58.414,9.66,23.256,47.508,60.116,62.0,35.0
5,Accountable resilient infrastructure,water_main_east,water,58.741,8.991,67.746,12.66,29.922,50.36,56.251,82.0,25.0
5,Accountable resilient infrastructure,substation_7,power,70.478,1.198,63.657,28.66,25.805,48.621,61.365,70.0,42.0
5,Accountable resilient infrastructure,transit_signal_core,transport,72.467,0.0,52.626,31.66,21.585,46.858,62.69,58.0,48.0
5,Accountable resilient infrastructure,stormwater_pump_south,stormwater,53.892,10.967,67.774,17.66,31.519,50.355,55.308,76.0,30.0
5,Accountable resilient infrastructure,cooling_center_grid_node,public_facility,68.013,1.729,64.413,21.66,25.661,49.736,60.668,88.0,38.0
5,Accountable resilient infrastructure,air_quality_sensor_cluster,environmental,81.703,0.0,49.11,15.66,18.754,47.21,67.122,74.0,55.0
5,Accountable resilient infrastructure,wastewater_lift_station,wastewater,60.342,7.507,63.077,18.66,28.072,49.029,57.451,68.0,32.0
5,Accountable resilient infrastructure,public_broadband_hub,digital,77.032,0.0,57.331,37.66,23.832,48.793,61.934,80.0,40.0
5,Accountable resilient infrastructure,hospital_access_corridor,transport,62.823,2.788,68.887,10.66,26.71,49.856,58.658,86.0,28.0
6,Accountable resilient infrastructure,bridge_north,transport,64.427,3.327,58.414,9.66,23.241,47.505,60.135,62.0,35.0
6,Accountable resilient infrastructure,water_main_east,water,58.888,8.935,67.746,12.66,29.892,50.353,56.292,82.0,25.0
6,Accountable resilient infrastructure,substation_7,power,70.573,1.162,63.657,28.66,25.785,48.616,61.391,70.0,42.0
6,Accountable resilient infrastructure,transit_signal_core,transport,72.56,0.0,52.626,31.66,21.585,46.858,62.71,58.0,48.0
6,Accountable resilient infrastructure,stormwater_pump_south,stormwater,53.87,10.975,67.774,17.66,31.523,50.356,55.302,76.0,30.0
6,Accountable resilient infrastructure,cooling_center_grid_node,public_facility,68.015,1.728,64.413,21.66,25.661,49.736,60.669,88.0,38.0
6,Accountable resilient infrastructure,air_quality_sensor_cluster,environmental,81.644,0.0,49.11,15.66,18.754,47.21,67.109,74.0,55.0
6,Accountable resilient infrastructure,wastewater_lift_station,wastewater,60.41,7.481,63.077,18.66,28.057,49.026,57.47,68.0,32.0
6,Accountable resilient infrastructure,public_broadband_hub,digital,77.238,0.0,57.331,37.66,23.832,48.793,61.98,80.0,40.0
6,Accountable resilient infrastructure,hospital_access_corridor,transport,62.986,2.726,68.887,10.66,26.676,49.848,58.703,86.0,28.0
7,Accountable resilient infrastructure,bridge_north,transport,64.497,3.301,58.414,9.66,23.226,47.501,60.155,62.0,35.0
7,Accountable resilient infrastructure,water_main_east,water,59.035,8.879,67.746,12.66,29.861,50.346,56.332,82.0,25.0
7,Accountable resilient infrastructure,substation_7,power,70.667,1.126,63.657,28.66,25.765,48.612,61.416,70.0,42.0
7,Accountable resilient infrastructure,transit_signal_core,transport,72.653,0.0,52.626,31.66,21.585,46.858,62.731,58.0,48.0
7,Accountable resilient infrastructure,stormwater_pump_south,stormwater,53.849,10.983,67.774,17.66,31.528,50.357,55.296,76.0,30.0
7,Accountable resilient infrastructure,cooling_center_grid_node,public_facility,68.018,1.727,64.413,21.66,25.66,49.736,60.669,88.0,38.0
7,Accountable resilient infrastructure,air_quality_sensor_cluster,environmental,81.585,0.0,49.11,15.66,18.754,47.21,67.096,74.0,55.0
7,Accountable resilient infrastructure,wastewater_lift_station,wastewater,60.478,7.455,63.077,18.66,28.043,49.023,57.489,68.0,32.0
7,Accountable resilient infrastructure,public_broadband_hub,digital,77.444,0.0,57.331,37.66,23.832,48.793,62.025,80.0,40.0
7,Accountable resilient infrastructure,hospital_access_corridor,transport,63.149,2.664,68.887,10.66,26.642,49.84,58.747,86.0,28.0
8,Accountable resilient infrastructure,bridge_north,transport,64.568,3.274,58.414,9.66,23.211,47.498,60.174,62.0,35.0
8,Accountable resilient infrastructure,water_main_east,water,59.182,8.824,67.746,12.66,29.83,50.338,56.372,82.0,25.0
8,Accountable resilient infrastructure,substation_7,power,70.762,1.09,63.657,28.66,25.745,48.607,61.442,70.0,42.0
8,Accountable resilient infrastructure,transit_signal_core,transport,72.747,0.0,52.626,31.66,21.585,46.858,62.751,58.0,48.0
8,Accountable resilient infrastructure,stormwater_pump_south,stormwater,53.828,10.991,67.774,17.66,31.532,50.358,55.291,76.0,30.0
8,Accountable resilient infrastructure,cooling_center_grid_node,public_facility,68.02,1.726,64.413,21.66,25.66,49.736,60.67,88.0,38.0
8,Accountable resilient infrastructure,air_quality_sensor_cluster,environmental,81.525,0.0,49.11,15.66,18.754,47.21,67.083,74.0,55.0
8,Accountable resilient infrastructure,wastewater_lift_station,wastewater,60.545,7.43,63.077,18.66,28.029,49.019,57.507,68.0,32.0
8,Accountable resilient infrastructure,public_broadband_hub,digital,77.651,0.0,57.331,37.66,23.832,48.793,62.07,80.0,40.0
8,Accountable resilient infrastructure,hospital_access_corridor,transport,63.312,2.602,68.887,10.66,26.608,49.832,58.792,86.0,28.0
9,Accountable resilient infrastructure,bridge_north,transport,64.638,3.247,58.414,9.66,23.197,47.494,60.193,62.0,35.0
9,Accountable resilient infrastructure,water_main_east,water,59.328,8.768,67.746,12.66,29.8,50.331,56.412,82.0,25.0
9,Accountable resilient infrastructure,substation_7,power,70.856,1.054,63.657,28.66,25.726,48.602,61.468,70.0,42.0
9,Accountable resilient infrastructure,transit_signal_core,transport,72.84,0.0,52.626,31.66,21.585,46.858,62.772,58.0,48.0
9,Accountable resilient infrastructure,stormwater_pump_south,stormwater,53.806,10.999,67.774,17.66,31.537,50.359,55.285,76.0,30.0
9,Accountable resilient infrastructure,cooling_center_grid_node,public_facility,68.023,1.725,64.413,21.66,25.659,49.735,60.671,88.0,38.0
9,Accountable resilient infrastructure,air_quality_sensor_cluster,environmental,81.466,0.0,49.11,15.66,18.754,47.21,67.07,74.0,55.0
9,Accountable resilient infrastructure,wastewater_lift_station,wastewater,60.613,7.404,63.077,18.66,28.015,49.016,57.525,68.0,32.0
9,Accountable resilient infrastructure,public_broadband_hub,digital,77.857,0.0,57.331,37.66,23.832,48.793,62.116,80.0,40.0
9,Accountable resilient infrastructure,hospital_access_corridor,transport,63.474,2.541,68.887,10.66,26.574,49.824,58.836,86.0,28.0
10,Accountable resilient infrastructure,bridge_north,transport,64.708,3.22,58.414,9.66,23.182,47.491,60.212,62.0,35.0
10,Accountable resilient infrastructure,water_main_east,water,59.474,8.713,67.746,12.66,29.769,50.324,56.452,82.0,25.0
10,Accountable resilient infrastructure,substation_7,power,70.95,1.018,63.657,28.66,25.706,48.598,61.494,70.0,42.0
10,Accountable resilient infrastructure,transit_signal_core,transport,72.933,0.0,52.626,31.66,21.585,46.858,62.793,58.0,48.0
10,Accountable resilient infrastructure,stormwater_pump_south,stormwater,53.785,11.007,67.774,17.66,31.541,50.36,55.279,76.0,30.0
10,Accountable resilient infrastructure,cooling_center_grid_node,public_facility,68.025,1.724,64.413,21.66,25.659,49.735,60.671,88.0,38.0
10,Accountable resilient infrastructure,air_quality_sensor_cluster,environmental,81.407,0.0,49.11,15.66,18.754,47.21,67.057,74.0,55.0
10,Accountable resilient infrastructure,wastewater_lift_station,wastewater,60.68,7.378,63.077,18.66,28.001,49.013,57.544,68.0,32.0
10,Accountable resilient infrastructure,public_broadband_hub,digital,78.063,0.0,57.331,37.66,23.832,48.793,62.161,80.0,40.0
10,Accountable resilient infrastructure,hospital_access_corridor,transport,63.636,2.479,68.887,10.66,26.54,49.816,58.88,86.0,28.0
11,Accountable resilient infrastructure,bridge_north,transport,64.778,3.194,58.414,9.66,23.167,47.487,60.231,62.0,35.0
11,Accountable resilient infrastructure,water_main_east,water,59.62,8.657,67.746,12.66,29.739,50.317,56.492,82.0,25.0
11,Accountable resilient infrastructure,substation_7,power,71.044,0.982,63.657,28.66,25.686,48.593,61.519,70.0,42.0
11,Accountable resilient infrastructure,transit_signal_core,transport,73.027,0.0,52.626,31.66,21.585,46.858,62.813,58.0,48.0
11,Accountable resilient infrastructure,stormwater_pump_south,stormwater,53.764,11.015,67.774,17.66,31.546,50.361,55.273,76.0,30.0
11,Accountable resilient infrastructure,cooling_center_grid_node,public_facility,68.028,1.723,64.413,21.66,25.658,49.735,60.672,88.0,38.0
11,Accountable resilient infrastructure,air_quality_sensor_cluster,environmental,81.348,0.0,49.11,15.66,18.754,47.21,67.044,74.0,55.0
11,Accountable resilient infrastructure,wastewater_lift_station,wastewater,60.747,7.353,63.077,18.66,27.987,49.009,57.562,68.0,32.0
11,Accountable resilient infrastructure,public_broadband_hub,digital,78.27,0.0,57.331,37.66,23.832,48.793,62.207,80.0,40.0
11,Accountable resilient infrastructure,hospital_access_corridor,transport,63.798,2.418,68.887,10.66,26.506,49.808,58.924,86.0,28.0
12,Accountable resilient infrastructure,bridge_north,transport,64.848,3.167,58.414,9.66,23.153,47.484,60.25,62.0,35.0
12,Accountable resilient infrastructure,water_main_east,water,59.765,8.602,67.746,12.66,29.708,50.31,56.531,82.0,25.0
12,Accountable resilient infrastructure,substation_7,power,71.138,0.947,63.657,28.66,25.667,48.588,61.545,70.0,42.0
12,Accountable resilient infrastructure,transit_signal_core,transport,73.12,0.0,52.626,31.66,21.585,46.858,62.834,58.0,48.0
12,Accountable resilient infrastructure,stormwater_pump_south,stormwater,53.742,11.023,67.774,17.66,31.55,50.362,55.267,76.0,30.0
12,Accountable resilient infrastructure,cooling_center_grid_node,public_facility,68.03,1.722,64.413,21.66,25.658,49.735,60.673,88.0,38.0
12,Accountable resilient infrastructure,air_quality_sensor_cluster,environmental,81.288,0.0,49.11,15.66,18.754,47.21,67.031,74.0,55.0
12,Accountable resilient infrastructure,wastewater_lift_station,wastewater,60.814,7.327,63.077,18.66,27.973,49.006,57.58,68.0,32.0
12,Accountable resilient infrastructure,public_broadband_hub,digital,78.476,0.0,57.331,37.66,23.832,48.793,62.252,80.0,40.0
12,Accountable resilient infrastructure,hospital_access_corridor,transport,63.959,2.356,68.887,10.66,26.472,49.8,58.968,86.0,28.0
13,Accountable resilient infrastructure,bridge_north,transport,64.918,3.141,58.414,9.66,23.138,47.48,60.269,62.0,35.0
13,Accountable resilient infrastructure,water_main_east,water,59.91,8.547,67.746,12.66,29.678,50.302,56.571,82.0,25.0
13,Accountable resilient infrastructure,substation_7,power,71.231,0.911,63.657,28.66,25.647,48.584,61.57,70.0,42.0
13,Accountable resilient infrastructure,transit_signal_core,transport,73.213,0.0,52.626,31.66,21.585,46.858,62.854,58.0,48.0
13,Accountable resilient infrastructure,stormwater_pump_south,stormwater,53.721,11.031,67.774,17.66,31.554,50.363,55.261,76.0,30.0
13,Accountable resilient infrastructure,cooling_center_grid_node,public_facility,68.033,1.721,64.413,21.66,25.657,49.735,60.673,88.0,38.0
13,Accountable resilient infrastructure,air_quality_sensor_cluster,environmental,81.229,0.0,49.11,15.66,18.754,47.21,67.018,74.0,55.0
13,Accountable resilient infrastructure,wastewater_lift_station,wastewater,60.881,7.302,63.077,18.66,27.959,49.003,57.599,68.0,32.0
13,Accountable resilient infrastructure,public_broadband_hub,digital,78.682,0.0,57.331,37.66,23.832,48.793,62.297,80.0,40.0
13,Accountable resilient infrastructure,hospital_access_corridor,transport,64.12,2.295,68.887,10.66,26.439,49.792,59.012,86.0,28.0
14,Accountable resilient infrastructure,bridge_north,transport,64.987,3.114,58.414,9.66,23.124,47.477,60.288,62.0,35.0
14,Accountable resilient infrastructure,water_main_east,water,60.055,8.492,67.746,12.66,29.648,50.295,56.61,82.0,25.0
14,Accountable resilient infrastructure,substation_7,power,71.324,0.876,63.657,28.66,25.628,48.579,61.596,70.0,42.0
14,Accountable resilient infrastructure,transit_signal_core,transport,73.307,0.0,52.626,31.66,21.585,46.858,62.875,58.0,48.0
14,Accountable resilient infrastructure,stormwater_pump_south,stormwater,53.7,11.04,67.774,17.66,31.559,50.364,55.256,76.0,30.0
14,Accountable resilient infrastructure,cooling_center_grid_node,public_facility,68.035,1.72,64.413,21.66,25.657,49.735,60.674,88.0,38.0
14,Accountable resilient infrastructure,air_quality_sensor_cluster,environmental,81.17,0.0,49.11,15.66,18.754,47.21,67.005,74.0,55.0
14,Accountable resilient infrastructure,wastewater_lift_station,wastewater,60.948,7.277,63.077,18.66,27.945,48.999,57.617,68.0,32.0
14,Accountable resilient infrastructure,public_broadband_hub,digital,78.889,0.0,57.331,37.66,23.832,48.793,62.343,80.0,40.0
14,Accountable resilient infrastructure,hospital_access_corridor,transport,64.281,2.234,68.887,10.66,26.405,49.784,59.056,86.0,28.0
15,Accountable resilient infrastructure,bridge_north,transport,65.056,3.088,58.414,9.66,23.109,47.473,60.307,62.0,35.0
15,Accountable resilient infrastructure,water_main_east,water,60.199,8.437,67.746,12.66,29.618,50.288,56.65,82.0,25.0
15,Accountable resilient infrastructure,substation_7,power,71.417,0.841,63.657,28.66,25.608,48.575,61.621,70.0,42.0
15,Accountable resilient infrastructure,transit_signal_core,transport,73.4,0.0,52.626,31.66,21.585,46.858,62.895,58.0,48.0
15,Accountable resilient infrastructure,stormwater_pump_south,stormwater,53.679,11.048,67.774,17.66,31.563,50.365,55.25,76.0,30.0
15,Accountable resilient infrastructure,cooling_center_grid_node,public_facility,68.038,1.719,64.413,21.66,25.656,49.735,60.675,88.0,38.0
15,Accountable resilient infrastructure,air_quality_sensor_cluster,environmental,81.11,0.0,49.11,15.66,18.754,47.21,66.991,74.0,55.0
15,Accountable resilient infrastructure,wastewater_lift_station,wastewater,61.014,7.251,63.077,18.66,27.931,48.996,57.635,68.0,32.0
15,Accountable resilient infrastructure,public_broadband_hub,digital,79.095,0.0,57.331,37.66,23.832,48.793,62.388,80.0,40.0
15,Accountable resilient infrastructure,hospital_access_corridor,transport,64.441,2.173,68.887,10.66,26.372,49.776,59.1,86.0,28.0
16,Accountable resilient infrastructure,bridge_north,transport,65.126,3.062,58.414,9.66,23.095,47.47,60.326,62.0,35.0
16,Accountable resilient infrastructure,water_main_east,water,60.343,8.382,67.746,12.66,29.588,50.281,56.689,82.0,25.0
16,Accountable resilient infrastructure,substation_7,power,71.51,0.805,63.657,28.66,25.589,48.57,61.647,70.0,42.0
16,Accountable resilient infrastructure,transit_signal_core,transport,73.493,0.0,52.626,31.66,21.585,46.858,62.916,58.0,48.0
16,Accountable resilient infrastructure,stormwater_pump_south,stormwater,53.658,11.055,67.774,17.66,31.568,50.366,55.244,76.0,30.0
16,Accountable resilient infrastructure,cooling_center_grid_node,public_facility,68.04,1.718,64.413,21.66,25.656,49.735,60.675,88.0,38.0
16,Accountable resilient infrastructure,air_quality_sensor_cluster,environmental,81.051,0.0,49.11,15.66,18.754,47.21,66.978,74.0,55.0
16,Accountable resilient infrastructure,wastewater_lift_station,wastewater,61.081,7.226,63.077,18.66,27.917,48.993,57.653,68.0,32.0
16,Accountable resilient infrastructure,public_broadband_hub,digital,79.301,0.0,57.331,37.66,23.832,48.793,62.433,80.0,40.0
16,Accountable resilient infrastructure,hospital_access_corridor,transport,64.601,2.112,68.887,10.66,26.338,49.768,59.144,86.0,28.0
17,Accountable resilient infrastructure,bridge_north,transport,65.195,3.036,58.414,9.66,23.08,47.467,60.345,62.0,35.0
17,Accountable resilient infrastructure,water_main_east,water,60.487,8.328,67.746,12.66,29.558,50.274,56.728,82.0,25.0
17,Accountable resilient infrastructure,substation_7,power,71.603,0.77,63.657,28.66,25.569,48.566,61.672,70.0,42.0
17,Accountable resilient infrastructure,transit_signal_core,transport,73.587,0.0,52.626,31.66,21.585,46.858,62.936,58.0,48.0
17,Accountable resilient infrastructure,stormwater_pump_south,stormwater,53.637,11.063,67.774,17.66,31.572,50.367,55.238,76.0,30.0
17,Accountable resilient infrastructure,cooling_center_grid_node,public_facility,68.043,1.717,64.413,21.66,25.655,49.734,60.676,88.0,38.0
17,Accountable resilient infrastructure,air_quality_sensor_cluster,environmental,80.992,0.0,49.11,15.66,18.754,47.21,66.965,74.0,55.0
17,Accountable resilient infrastructure,wastewater_lift_station,wastewater,61.147,7.201,63.077,18.66,27.903,48.99,57.671,68.0,32.0
17,Accountable resilient infrastructure,public_broadband_hub,digital,79.508,0.0,57.331,37.66,23.832,48.793,62.479,80.0,40.0
17,Accountable resilient infrastructure,hospital_access_corridor,transport,64.76,2.052,68.887,10.66,26.305,49.76,59.187,86.0,28.0
18,Accountable resilient infrastructure,bridge_north,transport,65.264,3.009,58.414,9.66,23.066,47.463,60.364,62.0,35.0
18,Accountable resilient infrastructure,water_main_east,water,60.63,8.273,67.746,12.66,29.528,50.267,56.768,82.0,25.0
18,Accountable resilient infrastructure,substation_7,power,71.695,0.735,63.657,28.66,25.55,48.561,61.697,70.0,42.0
18,Accountable resilient infrastructure,transit_signal_core,transport,73.68,0.0,52.626,31.66,21.585,46.858,62.957,58.0,48.0
18,Accountable resilient infrastructure,stormwater_pump_south,stormwater,53.616,11.071,67.774,17.66,31.576,50.368,55.233,76.0,30.0
18,Accountable resilient infrastructure,cooling_center_grid_node,public_facility,68.045,1.717,64.413,21.66,25.655,49.734,60.677,88.0,38.0
18,Accountable resilient infrastructure,air_quality_sensor_cluster,environmental,80.932,0.0,49.11,15.66,18.754,47.21,66.952,74.0,55.0
18,Accountable resilient infrastructure,wastewater_lift_station,wastewater,61.213,7.176,63.077,18.66,27.89,48.986,57.689,68.0,32.0
18,Accountable resilient infrastructure,public_broadband_hub,digital,79.714,0.0,57.331,37.66,23.832,48.793,62.524,80.0,40.0
18,Accountable resilient infrastructure,hospital_access_corridor,transport,64.919,1.991,68.887,10.66,26.272,49.753,59.231,86.0,28.0
19,Accountable resilient infrastructure,bridge_north,transport,65.332,2.983,58.414,9.66,23.052,47.46,60.383,62.0,35.0
19,Accountable resilient infrastructure,water_main_east,water,60.773,8.219,67.746,12.66,29.498,50.26,56.807,82.0,25.0
19,Accountable resilient infrastructure,substation_7,power,71.787,0.7,63.657,28.66,25.531,48.556,61.722,70.0,42.0
19,Accountable resilient infrastructure,transit_signal_core,transport,73.773,0.0,52.626,31.66,21.585,46.858,62.977,58.0,48.0
19,Accountable resilient infrastructure,stormwater_pump_south,stormwater,53.595,11.079,67.774,17.66,31.581,50.369,55.227,76.0,30.0
19,Accountable resilient infrastructure,cooling_center_grid_node,public_facility,68.047,1.716,64.413,21.66,25.654,49.734,60.677,88.0,38.0
19,Accountable resilient infrastructure,air_quality_sensor_cluster,environmental,80.873,0.0,49.11,15.66,18.754,47.21,66.939,74.0,55.0
19,Accountable resilient infrastructure,wastewater_lift_station,wastewater,61.279,7.151,63.077,18.66,27.876,48.983,57.708,68.0,32.0
19,Accountable resilient infrastructure,public_broadband_hub,digital,79.92,0.0,57.331,37.66,23.832,48.793,62.57,80.0,40.0
19,Accountable resilient infrastructure,hospital_access_corridor,transport,65.078,1.931,68.887,10.66,26.239,49.745,59.274,86.0,28.0
20,Accountable resilient infrastructure,bridge_north,transport,65.401,2.957,58.414,9.66,23.037,47.456,60.401,62.0,35.0
20,Accountable resilient infrastructure,water_main_east,water,60.916,8.165,67.746,12.66,29.468,50.253,56.846,82.0,25.0
20,Accountable resilient infrastructure,substation_7,power,71.879,0.665,63.657,28.66,25.512,48.552,61.748,70.0,42.0
20,Accountable resilient infrastructure,transit_signal_core,transport,73.867,0.0,52.626,31.66,21.585,46.858,62.998,58.0,48.0
20,Accountable resilient infrastructure,stormwater_pump_south,stormwater,53.575,11.087,67.774,17.66,31.585,50.37,55.221,76.0,30.0
20,Accountable resilient infrastructure,cooling_center_grid_node,public_facility,68.05,1.715,64.413,21.66,25.654,49.734,60.678,88.0,38.0
20,Accountable resilient infrastructure,air_quality_sensor_cluster,environmental,80.814,0.0,49.11,15.66,18.754,47.21,66.926,74.0,55.0
20,Accountable resilient infrastructure,wastewater_lift_station,wastewater,61.345,7.126,63.077,18.66,27.862,48.98,57.725,68.0,32.0
20,Accountable resilient infrastructure,public_broadband_hub,digital,80.126,0.0,57.331,37.66,23.832,48.793,62.615,80.0,40.0
20,Accountable resilient infrastructure,hospital_access_corridor,transport,65.237,1.871,68.887,10.66,26.205,49.737,59.317,86.0,28.0
